not processed, ~z20121107_M!Contra001.nev, 77, 2.220430, 2.318671
not processed, ~z20130205_M1Contra_ECoG2K_passiveobs001.nev, 72, 1.995277, 2.114381
not processed, ~z20130206_M1Contra_ECoG2K_activeobs002 (2).nev, 75, 2.030672, 2.139954
not processed, ~z20130206_M1Contra_ECoG2K_activeobs002.nev, 75, 2.030672, 2.139954
{Error using <a href="matlab:matlab.internal.language.introspective.errorDocCallback('histcounts')" style="font-weight:bold">histcounts</a>
Expected input number 2, m, to be positive.

Error in <a href="matlab:matlab.internal.language.introspective.errorDocCallback('histcounts', 'C:\Program Files\MATLAB\R2020a\toolbox\matlab\datafun\histcounts.m', 139)" style="font-weight:bold">histcounts</a> (<a href="matlab: opentoline('C:\Program Files\MATLAB\R2020a\toolbox\matlab\datafun\histcounts.m',139,0)">line 139</a>)
            validateattributes(in,{'numeric','logical'},{'integer', 'positive'}, ...

Error in <a href="matlab:matlab.internal.language.introspective.errorDocCallback('nev2plotForAll', 'Z:\Leda Pentousi\nev2plotForAll.m', 35)" style="font-weight:bold">nev2plotForAll</a> (<a href="matlab: opentoline('Z:\Leda Pentousi\nev2plotForAll.m',35,0)">line 35</a>)
[count, ~, idxcount] = histcounts(idxc,numel(idxu));

Error in <a href="matlab:matlab.internal.language.introspective.errorDocCallback('access_notprocessed_files', 'C:\Users\calebsponheim\Documents\git\array_stability\code\access_notprocessed_files.m', 65)" style="font-weight:bold">access_notprocessed_files</a> (<a href="matlab: opentoline('C:\Users\calebsponheim\Documents\git\array_stability\code\access_notprocessed_files.m',65,0)">line 65</a>)
                nev2plotForAll(params,plotDir1);
} 
opentoline('Z:\Leda Pentousi\nev2plotForAll.m',35,0)
opentoline('C:\Program Files\MATLAB\R2020a\toolbox\matlab\datafun\histcounts.m',139,0)
opentoline('C:\Program Files\MATLAB\R2020a\toolbox\matlab\datafun\histcounts.m',139,0)
opentoline('Z:\Leda Pentousi\nev2plotForAll.m',35,0)
opentoline('Z:\Leda Pentousi\nev2plotForAll.m',35,0)
[hadMoreThan128Channels, isDualRecording, allsnr, nChannelsWithSpikes, nevDate] = ...
                nev2plotForAll(params,plotDir1);
<a href="matlab: opentoline('Z:\Leda Pentousi\nev2plotForAll.m',35,1)">35  </a>[count, ~, idxcount] = histcounts(idxc,numel(idxu));
if system_dependent('IsDebugMode')==1, dbquit all; end
[hadMoreThan128Channels, isDualRecording, allsnr, nChannelsWithSpikes, nevDate] = ...
                nev2plotForAll(params,plotDir1);
this file is empty
% Velma + Others
            if contains(lower(params.iName),lower('_PMdaC_M1Ab'))
                name = {'PMd','M1'} ; split = 2; num_channels = [64,64];
            elseif contains(lower(params.iName),lower('_PMvaC_M1Ab')) || contains(lower(params.iName),lower('PMvAc_M1Ac'))
                name = {'PMv','M1'} ; split = 2; num_channels = [64,64];
            elseif contains(lower(params.iName),lower('_M1Ab_PMvaC')) || contains(lower(params.iName),lower('_M1_Ab_PMvaC')) || contains(lower(params.iName),lower('_MIab_PMvab_'))
                name = {'M1','PMv'} ; split = 2; num_channels = [64,64];
            elseif contains(lower(params.iName),lower('_PMdabC_PMvC')) || contains(lower(params.iName),lower('PMdall_PMv'))
                name = {'PMd','PMv'} ; split = 3; num_channels = [96,32];
            elseif contains(lower(params.iName),lower('M1Abc_PMv')) || contains(lower(params.iName),lower('M1All_PMv')) || contains(lower(params.iName),lower('M1AbcPMv'))
                name = {'M1','PMv'} ; split = 3; num_channels = [96,32];
            elseif contains(lower(params.iName),lower('PMvAc_PMdAc'))
                name = {'PMv','PMd'} ; split = 2; num_channels = [64,64];
            elseif contains(lower(params.iName),lower('PMdall_M1')) || contains(lower(params.iName),lower('PMdabc_M1')) || contains(lower(params.iName),lower('PMdallMI'))
                name = {'PMd','M1'} ; split = 3;  num_channels = [96,32];
            elseif contains(lower(params.iName),lower('PMvall_M1'))
                name = {'PMv','M1'} ; split = 3;  num_channels = [96,32];
            elseif contains(lower(params.iName),lower('M1all_PMd')) || contains(lower(params.iName),lower('M1allPMd')) || contains(lower(params.iName),lower('MIallPMd')) || contains(lower(params.iName),lower('M1abc_PMd')) || contains(lower(params.iName),lower('M1_PMd'))
                name = {'M1','PMd'} ; split = 3;  num_channels = [96,32];
            elseif contains(lower(params.iName),lower('PMvabc_PMd')) ||  contains(lower(params.iName),lower('PMvall_PMd'))
                name = {'PMv','PMd'} ; split = 3; num_channels = [96,32];
            elseif contains(lower(params.iName),lower('PMdc_PMvall'))
                name = {'PMd','PMv'} ; split = 1; num_channels = [32,96];
                % Boo
            elseif contains(lower(params.iName),lower('_M1c_PMdabc')) || contains(lower(params.iName),lower('_M1a_PMdabc'))
                name = {'M1','PMd'} ; split = 1; num_channels = [32,96];
                % Coco
            elseif contains(lower(params.iName),lower('_MIab_PMvab_'))
                name = {'M1','PMv'} ; split = 2; num_channels = [64,64];
            elseif contains(lower(params.iName),lower('_PMd_M1a_')) || contains(lower(params.iName),lower('_PMd_MIa_'))
                name = {'PMd','M1'} ; split = 3; num_channels = [96,32];
            elseif contains(lower(params.iName),lower('_PMv_M1a_')) || contains(lower(params.iName),lower('_PMv_MIa_'))
                name = {'PMv','M1'} ; split = 3; num_channels = [96,32];
            elseif contains(lower(params.iName),lower('_PMdab_MIab_'))
                name = {'PMd','M1'} ; split = 2; num_channels = [64,64];
            elseif contains(lower(params.iName),lower('_PMdABC_PMvA_'))
                name = {'PMd','PMv'} ; split = 3; num_channels = [96,32];
                % Lester
            elseif contains(lower(params.iName),lower('M1PMdB'))
                name = {'M1','PMd'} ; split = 3; num_channels = [96,32];
            elseif contains(lower(params.iName),lower('M1PMdB')) || contains(lower(params.iName),lower('M1andPMdA'))
                name = {'M1','PMd'} ; split = 3; num_channels = [96,32];
                % Nikki (taken care of in first block)
                % Raju
            elseif contains(lower(params.iName),lower('PMdab_M1')) || contains(lower(params.iName),lower('PMdbc_M1'))  || contains(lower(params.iName),lower('PMdac_M1'))
                name = {'PMd','M1d'} ; split = 2; num_channels = [64,64];
            elseif contains(lower(params.iName),lower('PMdc_M1all')) || contains(lower(params.iName),lower('PMdb_M1all')) || contains(lower(params.iName),lower('PMdc_M1abc'))
                name = {'PMd','M1'} ; split = 1; num_channels = [32,96];
                % Rockstar
            elseif contains(lower(params.iName),lower('M1bc_PMdab')) || contains(lower(params.iName),lower('M1ab_PMdbc'))
                name = {'PMd','M1d'} ; split = 2; num_channels = [64,64];
                % Roxie (NOT DOING HER RIGHT NOW BECAUSE SHE HAS THREE-PART FILES
            end
            
            if ~isempty(split)
                fprintf('%s, %s, %s, %i, %f, %f , %i\n',...
                    sheet2read, params.iName,name{1},...
                    sum(allsnr(1:(split*32))>params.SNRthreshold),nanmean(allsnr(1:(split*32))),...
                    nanmean(allsnr(allsnr(1:(split*32))>params.SNRthreshold)),num_channels(1))
                fprintf('%s, %s, %s, %i, %f, %f, %i \n',...
                    sheet2read, params.iName, name{2},...
                    sum(allsnr(((split*32)+1):(4*32))>params.SNRthreshold),nanmean(allsnr(((split*32)+1):(4*32))),...
                    nanmean(allsnr(allsnr(((split*32)+1):(4*32))>params.SNRthreshold)),num_channels(2))
            else
                fprintf('%s, %s, %i, %f, %f\n',...
                    sheet2read, params.iName,...
                    sum(allsnr>params.SNRthreshold),nanmean(allsnr),...
                    nanmean(allsnr(allsnr>params.SNRthreshold)))
            end
not processed, ~z20130208_M1Contra_ECoG2kRESAMPLE.nev, 0, NaN, NaN
access_notprocessed_files
if system_dependent('IsDebugMode')==1, dbcont; end
not processed, ~z20121107_M!Contra001.nev, 77, 2.220430, 2.318671
not processed, ~z20130205_M1Contra_ECoG2K_passiveobs001.nev, 72, 1.995277, 2.114381
not processed, ~z20130206_M1Contra_ECoG2K_activeobs002 (2).nev, 75, 2.030672, 2.139954
not processed, ~z20130206_M1Contra_ECoG2K_activeobs002.nev, 75, 2.030672, 2.139954
this file is empty
not processed, ~z20130208_M1Contra_ECoG2kRESAMPLE.nev, 0, NaN, NaN
not processed, ~z20130909_M1Contra001-C4-01.nev, 81, 2.483965, 2.497791
not processed, ~z20130926_M1Contra001.nev, 64, 3.421705, 3.481963
MAT file corresponding to selected NEV file already exists. Loading MAT instead...
not processed, 02082010_BP_M1abc_tng001.nev, 10, 3.987007, 3.987007
not processed, 02082010_BP_M1abc_tng002.nev, 8, 3.748911, 3.748911
not processed, 02082010_BP_M1abc_tng003.nev, 0, NaN, NaN
not processed, 02082010_BP_M1abc_tng004.nev, 5, 3.995387, 3.995387
not processed, 02082010_BP_M1abc_tng005.nev, 13, 2.485806, 3.435641
MAT file corresponding to selected NEV file already exists. Loading MAT instead...
not processed, 02092011_BP_M1abc_CMAa001.nev, 3, 1.095230, 3.821909
MAT file corresponding to selected NEV file already exists. Loading MAT instead...
The MAT file does not waveforms. Loading NEV instead...
this file is empty
not processed, 05092011_CMAabc_icmsM1_01.nev, 0, NaN, NaN
this file is empty
not processed, 05092011_CMAabc_icmsS1_01001.nev, 0, NaN, NaN
MAT file corresponding to selected NEV file already exists. Loading MAT instead...
not processed, 05092011_S1abc_icmsCMA003.nev, 10, 1.214197, 3.019939
this file is empty
not processed, 07112011_M1abc_icmsM1c001.nev, 0, NaN, NaN
MAT file corresponding to selected NEV file already exists. Loading MAT instead...
The MAT file does not waveforms. Loading NEV instead...
this file is empty
not processed, 07112011_M1abc_icmsM1c002.nev, 0, NaN, NaN
this file is empty
not processed, 07112011_M1abc_icmsM1c-v2001.nev, 0, NaN, NaN
MAT file corresponding to selected NEV file already exists. Loading MAT instead...
not processed, 080814_PMd_BRP001.nev, 71, 3.821137, 3.821137
this file is empty
not processed, 091013_EMG_30kHz002.nev, 0, NaN, NaN
this file is empty
not processed, 091013_EMG001.nev, 0, NaN, NaN
MAT file corresponding to selected NEV file already exists. Loading MAT instead...
not processed, 091120MI001.nev, 26, 1.539114, 3.152264
not processed, 091120MI001.nev, 41, 2.468748, 3.156075
MAT file corresponding to selected NEV file already exists. Loading MAT instead...
not processed, 091124PMv001.nev, 21, 2.535575, 3.941242
not processed, 10082010M1a2cCMAb001.nev, 61, 3.036905, 3.511631
MAT file corresponding to selected NEV file already exists. Loading MAT instead...
not processed, 10082010S1a2cCMAc001.nev, 56, 2.472319, 3.094769
not processed, 10112010BPM1abcCMAd001001.nev, 14, 1.354006, 2.753533
not processed, 10112010BPS1abcCMAd001001.nev, 19, 1.116200, 2.956376
not processed, 10122010BPM1abcCMAd_Chew_001001.nev, 1, 0.243765, 1.552727
this file is empty
not processed, 10122010BPM1abcCMAd_Chew_001001_AS_SNR5.nev, 0, NaN, NaN
not processed, 10122010BPM1abcCMAd001001001.nev, 3, 0.386043, 1.807549
not processed, 10122010BPM1abcCMAd001001002.nev, 27, 1.444667, 2.534257
not processed, 10122010BPM1abcCMAd001001003.nev, 3, 3.820317, 3.820317
not processed, 10122010BPM1abcCMAd001001004.nev, 8, 0.630474, 2.254414
not processed, 10122010BPM1abcCMAd001001005.nev, 1, 0.314706, 2.243126
found electrode number > 128; will discard extra channels and mark file as suspicious
not processed, 10132010BPM1abcCMAc001.nev, 5, 0.526835, 2.100013
not processed, 10132010BPM1abcCMAc002.nev, 0, 0.550603, NaN
not processed, 10132010BPM1abcCMAc003.nev, 1, 0.484152, 3.083138
MAT file corresponding to selected NEV file already exists. Loading MAT instead...
not processed, 10152010_BP_CMAa_M1icms_bankA001.nev, 0, 0.425812, NaN
not processed, 10152010_BP_M1abc_CMAa_natbehav001.nev, 26, 1.680666, 2.729670
not processed, 10152010_BP_M1abc_CMAicms_bankB001.nev, 20, 1.453324, 2.550397
not processed, 10152010_BP_M1abc_CMAicms_bankB002.nev, 24, 3.789202, 3.789202
not processed, 10152010_BP_M1abc_CMAicms_bankB003.nev, 14, 1.274201, 2.358273
not processed, 10152010_BP_M1abc_CMAicms_bankC001.nev, 17, 1.352078, 2.473841
not processed, 10152010_BP_M1abc_CMAicms001.nev, 23, 2.151950, 2.911190
not processed, 10152010_BP_M1abc_CMAicms002.nev, 19, 1.338783, 2.301227
not processed, 10162010_BP_M1abc_CMAb_icmsM1a001.nev, 8, 0.732256, 1.997090
not processed, 10162010_BP_M1abc_CMAb_icmsM1a002.nev, 19, 0.985649, 2.117436
not processed, 10162010_BP_M1abc_CMAb_icmsM1b001.nev, 10, 1.231968, 2.081934
not processed, 10162010_BP_M1abc_CMAb_icmsM1c001.nev, 9, 0.957326, 1.910723
not processed, 10162010_BP_M1abc_CMAb_natbehav001.nev, 19, 1.307019, 2.681707
not processed, 10212010_BP_M1abc_CMAb_chew001.nev, 12, 0.636218, 2.358945
not processed, 10212010_BP_M1abc_CMAb_tongue001.nev, 18, 3.676671, 3.676671
not processed, 10212010_BP_M1abc_CMAb_tongue002.nev, 25, 3.002606, 3.063897
not processed, 10212010_BP_M1abc_CMAb_tongue003.nev, 27, 1.938285, 2.808587
not processed, 10212010_BP_M1abc_CMAb_tongue004.nev, 41, 2.025826, 2.891634
not processed, 10222010_BP_CMAb_icmsM1a001.nev, 1, 0.568659, 2.916852
not processed, 10222010_BP_CMAb_icmsM1b001.nev, 1, 1.524310, 2.422009
not processed, 10222010_BP_CMAb_icmsM1c001.nev, 0, 0.458938, NaN
not processed, 10222010_BP_M1abc_CMAb_posticms001.nev, 23, 0.876136, 2.376949
not processed, 10222010_BP_M1abc_CMAb_tng001.nev, 34, 2.484897, 2.980399
not processed, 10222010_BP_M1abc_CMAb_tng002.nev, 34, 2.875974, 3.168137
not processed, 10222010_BP_M1abc_CMAb_tng003.nev, 35, 3.022305, 3.314909
not processed, 10222010_BP_M1abc_CMAb_tng004.nev, 31, 2.634818, 3.156776
not processed, 10222010_BP_M1abc_CMAb_tng005.nev, 31, 2.358047, 3.022378
MAT file corresponding to selected NEV file already exists. Loading MAT instead...
not processed, 10222010_BP_S1abc_CMAa_icmsM1a001.nev, 7, 0.928308, 2.478159
not processed, 10222010_BP_S1abc_CMAa_icmsM1b001.nev, 6, 1.014868, 1.856408
not processed, 10222010_BP_S1abc_CMAa_icmsM1c001.nev, 5, 0.688395, 2.481472
not processed, 10222010_BP_S1abc_CMAa_posticms001.nev, 9, 0.758629, 2.582893
not processed, 10232010_BP_M1abc_CMAb_tng001.nev, 21, 3.050956, 3.368823
not processed, 10232010_BP_M1abc_CMAb_tng002.nev, 35, 2.703821, 2.902015
not processed, 10232010_BP_M1abc_CMAb_tng003.nev, 29, 2.145725, 2.619858
not processed, 10232010_BP_M1abc_CMAb_tng004.nev, 33, 2.557383, 2.763272
not processed, 10232010_BP_M1abc_CMAb_tng005.nev, 31, 2.476228, 2.746387
not processed, 10232010_BP_M1abc_CMAb_tng006.nev, 31, 2.453085, 2.714602
not processed, 10232010_BP_S1abc_CMAa_tng001.nev, 13, 2.353197, 3.432713
not processed, 10232010_BP_S1abc_CMAa_tng002.nev, 19, 1.832583, 3.047349
not processed, 10232010_BP_S1abc_CMAa_tng003.nev, 20, 1.715768, 2.894046
not processed, 10232010_BP_S1abc_CMAa_tng006.nev, 19, 2.102551, 3.154146
not processed, 10252010_BP_S1abc_CMAa_tng001.nev, 14, 2.567181, 3.544745
not processed, 10252010_BP_S1abc_CMAa_tng002.nev, 16, 2.844105, 3.378983
not processed, 10252010_BP_S1abc_CMAa_tng003.nev, 14, 2.823509, 3.777401
not processed, 10252010_BP_S1abc_CMAa_tng005.nev, 12, 2.127768, 3.461994
not processed, 10262010_BP_M1abc_CMAb_EVF001.nev, 15, 3.760221, 3.760221
not processed, 10262010_BP_M1abc_CMAb_EVF002.nev, 13, 0.950618, 2.649339
not processed, 10262010_BP_M1abc_CMAb_tng001.nev, 26, 3.016197, 3.186524
not processed, 10262010_BP_M1abc_CMAb_tng002.nev, 26, 2.777966, 3.052403
not processed, 10262010_BP_M1abc_CMAb_tng003.nev, 23, 3.313818, 3.313818
not processed, 10262010_BP_M1abc_CMAb_tng004.nev, 19, 2.485138, 3.105636
not processed, 10262010_BP_M1abc_CMAb_tng005.nev, 21, 2.421795, 3.031792
not processed, 10262010_BP_S1abc_CMAa_evf001.nev, 9, 3.079002, 3.814361
not processed, 10262010_BP_S1abc_CMAa_evf002.nev, 9, 1.104581, 3.211349
not processed, 10262010_BP_S1abc_CMAa_tng001.nev, 14, 2.454561, 3.532126
not processed, 10262010_BP_S1abc_CMAa_tng002.nev, 16, 2.566183, 3.350628
not processed, 10262010_BP_S1abc_CMAa_tng003.nev, 18, 2.602900, 3.175717
not processed, 10262010_BP_S1abc_CMAa_tng004.nev, 15, 2.237414, 3.221597
not processed, 10262010_BP_S1abc_CMAa_tng005.nev, 13, 2.020140, 3.542582
not processed, 10272010_BP_CMAa_icmsM1a001.nev, 9, 1.365658, 3.045480
not processed, 10272010_BP_CMAa_icmsM1b001.nev, 7, 1.080132, 3.064134
not processed, 10272010_BP_CMAa_icmsM1c001.nev, 6, 1.169983, 3.315353
not processed, 10272010_BP_CMAc_icmsM1a001.nev, 0, 0.397209, NaN
not processed, 10272010_BP_CMAc_icmsM1b001.nev, 0, 0.413795, NaN
not processed, 10272010_BP_CMAc_icmsM1c001.nev, 0, 0.372516, NaN
not processed, 10272010_BP_M1abc_CMAc_tng001.nev, 22, 1.594094, 3.232524
not processed, 10272010_BP_M1abc_CMAc_tng002.nev, 9, 4.227421, 4.227421
not processed, 10272010_BP_S1abc_CMAa_tng.nev, 6, 3.602934, 3.963829
not processed, 10272010_BP_S1abc_CMAa_tng001.nev, 21, 1.234572, 2.734303
not processed, 10282010_BP_CMAa_icmsS1a001.nev, 1, 0.519704, 1.647911
not processed, 10282010_BP_CMAa_icmsS1b.nev, 2, 0.953861, 1.597050
not processed, 10282010_BP_CMAa_icmsS1c.nev, 0, 0.545503, NaN
not processed, 10282010_BP_M1abc_CMAc_icmsS1a001.nev, 3, 0.555881, 2.195666
not processed, 10282010_BP_M1abc_CMAc_icmsS1b.nev, 2, 0.647522, 2.018868
not processed, 10282010_BP_M1abc_CMAc_icmsS1c.nev, 2, 0.545021, 1.968824
not processed, 10282010_BP_M1abc_CMAc_tng001.nev, 15, 1.173688, 2.545283
not processed, 10282010_BP_M1abc_CMAc_tng002.nev, 15, 1.237559, 2.750043
not processed, 10282010_BP_M1abc_CMAc_tng003.nev, 15, 1.351574, 2.997964
not processed, 10282010_BP_M1abc_CMAc_tng004.nev, 18, 1.578549, 2.939704
not processed, 10282010_BP_M1abc_CMAc_tng005.nev, 18, 1.562299, 2.935993
not processed, 10282010_BP_M1abc_CMAc_tng006.nev, 16, 1.378839, 2.948038
not processed, 10282010_BP_M1abc_CMAc_tng007.nev, 16, 1.206028, 2.651150
not processed, 10282010_BP_M1abc_CMAc_tng008.nev, 13, 1.104253, 2.723968
not processed, 10282010_BP_M1abc_CMAc_tng009.nev, 16, 1.354826, 2.994592
not processed, 10282010_BP_S1abc_CMAa_tng001.nev, 11, 1.778454, 3.730652
not processed, 10282010_BP_S1abc_CMAa_tng002.nev, 16, 1.367510, 3.393737
not processed, 10282010_BP_S1abc_CMAa_tng003.nev, 17, 1.495621, 3.317575
not processed, 10282010_BP_S1abc_CMAa_tng004.nev, 17, 1.507408, 3.485991
not processed, 10282010_BP_S1abc_CMAa_tng005.nev, 15, 1.571763, 3.628715
not processed, 10282010_BP_S1abc_CMAa_tng006.nev, 14, 1.445483, 3.639983
not processed, 10282010_BP_S1abc_CMAa_tng007.nev, 15, 1.281133, 3.410115
not processed, 10282010_BP_S1abc_CMAa_tng008.nev, 17, 1.625793, 3.044907
not processed, 10282010_BP_S1abc_CMAa_tng009.nev, 16, 1.974812, 3.324342
not processed, 10292010_BP_M1abc_CMAc_tng001.nev, 16, 1.263238, 2.632114
not processed, 10292010_BP_M1abc_CMAc_tng002.nev, 14, 1.204951, 2.609109
not processed, 10292010_BP_M1abc_CMAc_tng003.nev, 13, 0.993378, 2.333321
not processed, 10292010_BP_M1abc_CMAc_tng004.nev, 14, 1.167824, 2.508039
not processed, 10292010_BP_M1abc_CMAc_tng005.nev, 11, 1.112125, 2.741153
not processed, 10292010_BP_M1abc_CMAc_tng006.nev, 12, 1.072307, 2.622219
not processed, 10292010_BP_S1abc_CMAa_tng001.nev, 13, 2.704851, 3.656068
not processed, 10292010_BP_S1abc_CMAa_tng002.nev, 10, 2.350734, 4.187359
not processed, 10292010_BP_S1abc_CMAa_tng003.nev, 10, 2.092313, 4.117758
not processed, 10292010_BP_S1abc_CMAa_tng004.nev, 13, 2.546474, 3.739614
not processed, 10292010_BP_S1abc_CMAa_tng005.nev, 11, 2.123939, 3.948072
not processed, 10292010_BP_S1abc_CMAa_tng006.nev, 10, 2.320767, 4.211152
found electrode number > 128; will discard extra channels and mark file as suspicious
not processed, 110302_OnCRT_Target200001.nev, 0, NaN, NaN
found electrode number > 128; will discard extra channels and mark file as suspicious
not processed, 110302_OnCRT_Target400.nev, 0, NaN, NaN
found electrode number > 128; will discard extra channels and mark file as suspicious
not processed, 110302_OnCRT_Target800.nev, 0, NaN, NaN
found electrode number > 128; will discard extra channels and mark file as suspicious
not processed, 110302_OnCRT_Target800_1kHz.nev, 0, NaN, NaN
not processed, 12022010_BP_S1abc_CMAb_tng001.nev, 3, 0.497904, 2.632660
MAT file corresponding to selected NEV file already exists. Loading MAT instead...
not processed, 121112_PMd001.nev, 83, 2.526526, 2.630756
this file is empty
not processed, 170606001.nev, 0, NaN, NaN
this file is empty
not processed, 170606002.nev, 0, NaN, NaN
this file is empty
not processed, 170622001.nev, 0, NaN, NaN
this file is empty
not processed, 170626001.nev, 0, NaN, NaN
this file is empty
not processed, 171012kin001.nev, 0, NaN, NaN
this file is empty
not processed, 171013BrKin001.nev, 0, NaN, NaN
this file is empty
not processed, 171013BrN001.nev, 0, NaN, NaN
found electrode number > 128; will discard extra channels and mark file as suspicious
not processed, 171019mid001.nev, 123, 3.599833, 3.638251
not processed, 171019top001.nev, 80, 3.489640, 3.755299
this file is empty
not processed, 171020mid001.nev, 0, NaN, NaN
this file is empty
not processed, 171020top001.nev, 0, NaN, NaN
not processed, 171024top001.nev, 0, 1.125842, NaN
not processed, 171026mid001.nev, 125, 3.647516, 3.703380
not processed, 171026top001.nev, 102, 2.075161, 2.209400
{Index in position 1 exceeds array bounds (must not exceed 20).

Error in <a href="matlab:matlab.internal.language.introspective.errorDocCallback('openNEV', 'Z:\Leda Pentousi\NPMK\openNEV.m', 826)" style="font-weight:bold">openNEV</a> (<a href="matlab: opentoline('Z:\Leda Pentousi\NPMK\openNEV.m',826,0)">line 826</a>)
            NEV.Data.LogEvent.Application   = char(tRawData(timeStampBytes+5:timeStampBytes+20, logEventPacketIDIndices).');

Error in <a href="matlab:matlab.internal.language.introspective.errorDocCallback('nev2plotForAll', 'Z:\Leda Pentousi\nev2plotForAll.m', 26)" style="font-weight:bold">nev2plotForAll</a> (<a href="matlab: opentoline('Z:\Leda Pentousi\nev2plotForAll.m',26,0)">line 26</a>)
data = openNEV(nev2read,'read','nosave');

Error in <a href="matlab:matlab.internal.language.introspective.errorDocCallback('access_notprocessed_files', 'C:\Users\calebsponheim\Documents\git\array_stability\code\access_notprocessed_files.m', 65)" style="font-weight:bold">access_notprocessed_files</a> (<a href="matlab: opentoline('C:\Users\calebsponheim\Documents\git\array_stability\code\access_notprocessed_files.m',65,0)">line 65</a>)
                nev2plotForAll(params,plotDir1);
} 
opentoline('Z:\Leda Pentousi\nev2plotForAll.m',26,0)
opentoline('Z:\Leda Pentousi\NPMK\openNEV.m',826,0)
[hadMoreThan128Channels, isDualRecording, allsnr, nChannelsWithSpikes, nevDate] = ...
                nev2plotForAll(params,plotDir1);
{Index in position 1 exceeds array bounds (must not exceed 20).

Error in <a href="matlab:matlab.internal.language.introspective.errorDocCallback('openNEV', 'Z:\Leda Pentousi\NPMK\openNEV.m', 826)" style="font-weight:bold">openNEV</a> (<a href="matlab: opentoline('Z:\Leda Pentousi\NPMK\openNEV.m',826,0)">line 826</a>)
            NEV.Data.LogEvent.Application   = char(tRawData(timeStampBytes+5:timeStampBytes+20, logEventPacketIDIndices).');

Error in <a href="matlab:matlab.internal.language.introspective.errorDocCallback('nev2plotForAll', 'Z:\Leda Pentousi\nev2plotForAll.m', 26)" style="font-weight:bold">nev2plotForAll</a> (<a href="matlab: opentoline('Z:\Leda Pentousi\nev2plotForAll.m',26,0)">line 26</a>)
data = openNEV(nev2read,'read','nosave');
} 
opentoline('Z:\Leda Pentousi\NPMK\openNEV.m',826,0)
[hadMoreThan128Channels, isDualRecording, allsnr, nChannelsWithSpikes, nevDate] = ...
                nev2plotForAll(params,plotDir1);
<a href="matlab: opentoline('Z:\Leda Pentousi\NPMK\openNEV.m',826,1)">826 </a>            NEV.Data.LogEvent.Application   = char(tRawData(timeStampBytes+5:timeStampBytes+20, logEventPacketIDIndices).');
tRawData(timeStampBytes+5:timeStampBytes+20, logEventPacketIDIndices).'
{Index in position 1 exceeds array bounds (must not exceed 20).
} 
timeStampBytes+5:timeStampBytes+20

ans =

     9    10    11    12    13    14    15    16    17    18    19    20    21    22    23    24

if system_dependent('IsDebugMode')==1, dbquit all; end
data = openNEV(nev2read,'read','nosave');
{Unrecognized function or variable 'nev2read'.
} 
[hadMoreThan128Channels, isDualRecording, allsnr, nChannelsWithSpikes, nevDate] = ...
                nev2plotForAll(params,plotDir1);
this file is empty
clc
access_notprocessed_files
this file is empty
not processed, 171027mid001.nev, 0, NaN, NaN
this file is empty
not processed, 171027top001.nev, 0, NaN, NaN
not processed, 171107mid001.nev, 41, 1.730319, 2.730728
not processed, 171107top001.nev, 45, 2.439248, 4.078239
not processed, 171108mid001.nev, 83, 2.996647, 3.462555
not processed, 171108top001.nev, 81, 2.024103, 2.437402
this file is empty
not processed, 171117001.nev, 0, NaN, NaN
this file is empty
not processed, 171117002.nev, 0, NaN, NaN
this file is empty
not processed, 171118001.nev, 0, NaN, NaN
this file is empty
not processed, 171118002.nev, 0, NaN, NaN
this file is empty
not processed, 171121mid001.nev, 0, NaN, NaN
this file is empty
not processed, 171121top001.nev, 0, NaN, NaN
this file is empty
not processed, 171122mid001.nev, 0, NaN, NaN
this file is empty
not processed, 171122top001.nev, 0, NaN, NaN
this file is empty
not processed, 171124mid001.nev, 0, NaN, NaN
this file is empty
not processed, 171124top001.nev, 0, NaN, NaN
this file is empty
not processed, 171127mid001.nev, 0, NaN, NaN
this file is empty
not processed, 171127top001.nev, 0, NaN, NaN
this file is empty
not processed, 171128mid001.nev, 0, NaN, NaN
this file is empty
not processed, 171128top001.nev, 0, NaN, NaN
this file is empty
not processed, 171129mid001.nev, 0, NaN, NaN
not processed, 171129top001.nev, 99, 2.642650, 2.975446
not processed, 171130mid001.nev, 123, 2.880628, 2.944394
this file is empty
not processed, 171130top001.nev, 0, NaN, NaN
this file is empty
not processed, 171201mid001.nev, 0, NaN, NaN
this file is empty
not processed, 171201mid002.nev, 0, NaN, NaN
this file is empty
not processed, 171201top001.nev, 0, NaN, NaN
this file is empty
not processed, 171201top002.nev, 0, NaN, NaN
this file is empty
not processed, 171205mid001.nev, 0, NaN, NaN
this file is empty
not processed, 171205top001.nev, 0, NaN, NaN
this file is empty
not processed, 171206mid001.nev, 0, NaN, NaN
not processed, 171206top001.nev, 24, 3.321905, 3.321905
this file is empty
not processed, 171208mid001.nev, 0, NaN, NaN
this file is empty
not processed, 171208mid002.nev, 0, NaN, NaN
this file is empty
not processed, 171208mid003.nev, 0, NaN, NaN
this file is empty
not processed, 171208top001.nev, 0, NaN, NaN
this file is empty
not processed, 171208top002.nev, 0, NaN, NaN
this file is empty
not processed, 171208top003.nev, 0, NaN, NaN
not processed, 171211Mid001.nev, 60, 3.980314, 4.159968
not processed, 171211Mid002.nev, 57, 3.564219, 3.859293
not processed, 171211Mid003.nev, 56, 3.308666, 3.614451
this file is empty
not processed, 171211Top001.nev, 0, NaN, NaN
this file is empty
not processed, 171211Top002.nev, 0, NaN, NaN
this file is empty
not processed, 171211Top003.nev, 0, NaN, NaN
this file is empty
not processed, 171219mid001.nev, 0, NaN, NaN
this file is empty
not processed, 171219top001.nev, 0, NaN, NaN
not processed, 171221mid001_first_30min_Sorted.nev, 124, 2.468671, 2.486042
this file is empty
not processed, 180104mid001.nev, 0, NaN, NaN
this file is empty
not processed, 180104top001.nev, 0, NaN, NaN
this file is empty
not processed, 180105mid001.nev, 0, NaN, NaN
this file is empty
not processed, 180105mid002.nev, 0, NaN, NaN
this file is empty
not processed, 180105top001.nev, 0, NaN, NaN
this file is empty
not processed, 180105top002.nev, 0, NaN, NaN
this file is empty
not processed, 180110mid001.nev, 0, NaN, NaN
this file is empty
not processed, 180110mid002.nev, 0, NaN, NaN
this file is empty
not processed, 180110top001.nev, 0, NaN, NaN
this file is empty
not processed, 180110top002.nev, 0, NaN, NaN
this file is empty
not processed, 180126mid002.nev, 0, NaN, NaN
this file is empty
not processed, 180126top002.nev, 0, NaN, NaN
this file is empty
not processed, 180131mid001.nev, 0, NaN, NaN
this file is empty
not processed, 180131top001.nev, 0, NaN, NaN
this file is empty
not processed, 180201mid.nev, 0, NaN, NaN
this file is empty
not processed, 180201top001.nev, 0, NaN, NaN
not processed, 180227mid001.nev, 85, 3.149248, 4.159477
this file is empty
not processed, 180227top001.nev, 0, NaN, NaN
this file is empty
not processed, 180302mid001.nev, 0, NaN, NaN
this file is empty
not processed, 180302top001.nev, 0, NaN, NaN
not processed, 180309mid002.nev, 83, 2.745052, 3.629051
this file is empty
not processed, 180309top002.nev, 0, NaN, NaN
not processed, 180319M1BrSpikes.nev, 111, 2.343643, 2.527409
not processed, 180319PMBrSpikes.nev, 72, 2.013236, 2.522654
this file is empty
not processed, 180328mid001.nev, 0, NaN, NaN
this file is empty
not processed, 180328top001.nev, 0, NaN, NaN
this file is empty
not processed, 180330mid004.nev, 0, NaN, NaN
this file is empty
not processed, 180330mid005.nev, 0, NaN, NaN
this file is empty
not processed, 180330top004.nev, 0, NaN, NaN
this file is empty
not processed, 180330top005.nev, 0, NaN, NaN
this file is empty
not processed, 180405M1Br.nev, 0, NaN, NaN
this file is empty
not processed, 180412M1Bx.nev, 0, NaN, NaN
this file is empty
not processed, 180412PMBx.nev, 0, NaN, NaN
this file is empty
not processed, 180413mid001.nev, 0, NaN, NaN
this file is empty
not processed, 180413top001.nev, 0, NaN, NaN
this file is empty
not processed, 180418aM1Bx.nev, 0, NaN, NaN
this file is empty
not processed, 180418aPMBx.nev, 0, NaN, NaN
this file is empty
not processed, 180418bM1Bx.nev, 0, NaN, NaN
this file is empty
not processed, 180418bPMBx.nev, 0, NaN, NaN
this file is empty
not processed, 180424mid001.nev, 0, NaN, NaN
this file is empty
not processed, 180424mid002.nev, 0, NaN, NaN
this file is empty
not processed, 180424top001.nev, 0, NaN, NaN
this file is empty
not processed, 180424top002.nev, 0, NaN, NaN
this file is empty
not processed, 180425mid001.nev, 0, NaN, NaN
this file is empty
not processed, 180425mid002.nev, 0, NaN, NaN
this file is empty
not processed, 180425mid004.nev, 0, NaN, NaN
this file is empty
not processed, 180425top001.nev, 0, NaN, NaN
this file is empty
not processed, 180425top002.nev, 0, NaN, NaN
this file is empty
not processed, 180425top004.nev, 0, NaN, NaN
this file is empty
not processed, 180427M1Bx002.nev, 0, NaN, NaN
this file is empty
not processed, 180427M1Bx003.nev, 0, NaN, NaN
this file is empty
not processed, 180427PMBx002.nev, 0, NaN, NaN
this file is empty
not processed, 180427PMBx003.nev, 0, NaN, NaN
MAT file corresponding to selected NEV file already exists. Loading MAT instead...
not processed, 20120904-165659-001.nev, 22, 1.071051, 2.296235
this file is empty
not processed, 20120906-150339-001.nev, 0, NaN, NaN
MAT file corresponding to selected NEV file already exists. Loading MAT instead...
The MAT file does not waveforms. Loading NEV instead...
this file is empty
not processed, 20120907-145613-001.nev, 0, NaN, NaN
{Out of memory.

Error in <a href="matlab:matlab.internal.language.introspective.errorDocCallback('histcounts', 'C:\Program Files\MATLAB\R2020a\toolbox\matlab\datafun\histcounts.m', 278)" style="font-weight:bold">histcounts</a> (<a href="matlab: opentoline('C:\Program Files\MATLAB\R2020a\toolbox\matlab\datafun\histcounts.m',278,0)">line 278</a>)
    [n,bin] = matlab.internal.math.histcounts(x,edges);

Error in <a href="matlab:matlab.internal.language.introspective.errorDocCallback('nev2plotForAll', 'Z:\Leda Pentousi\nev2plotForAll.m', 35)" style="font-weight:bold">nev2plotForAll</a> (<a href="matlab: opentoline('Z:\Leda Pentousi\nev2plotForAll.m',35,0)">line 35</a>)
    [count, ~, idxcount] = histcounts(idxc,numel(idxu));

Error in <a href="matlab:matlab.internal.language.introspective.errorDocCallback('access_notprocessed_files', 'C:\Users\calebsponheim\Documents\git\array_stability\code\access_notprocessed_files.m', 65)" style="font-weight:bold">access_notprocessed_files</a> (<a href="matlab: opentoline('C:\Users\calebsponheim\Documents\git\array_stability\code\access_notprocessed_files.m',65,0)">line 65</a>)
                nev2plotForAll(params,plotDir1);

<a href="matlab:helpview('matlab','error_nomem')" style="font-weight:bold">More information</a>
} 
helpview('matlab','error_nomem')
access_notprocessed_files
this file is empty
not processed, 171027mid001.nev, 0, NaN, NaN
this file is empty
not processed, 171027top001.nev, 0, NaN, NaN
not processed, 171107mid001.nev, 41, 1.730319, 2.730728
not processed, 171107top001.nev, 45, 2.439248, 4.078239
not processed, 171108mid001.nev, 83, 2.996647, 3.462555
not processed, 171108top001.nev, 81, 2.024103, 2.437402
this file is empty
not processed, 171117001.nev, 0, NaN, NaN
this file is empty
not processed, 171117002.nev, 0, NaN, NaN
this file is empty
not processed, 171118001.nev, 0, NaN, NaN
this file is empty
not processed, 171118002.nev, 0, NaN, NaN
this file is empty
not processed, 171121mid001.nev, 0, NaN, NaN
this file is empty
not processed, 171121top001.nev, 0, NaN, NaN
this file is empty
not processed, 171122mid001.nev, 0, NaN, NaN
this file is empty
not processed, 171122top001.nev, 0, NaN, NaN
this file is empty
not processed, 171124mid001.nev, 0, NaN, NaN
this file is empty
not processed, 171124top001.nev, 0, NaN, NaN
this file is empty
not processed, 171127mid001.nev, 0, NaN, NaN
this file is empty
not processed, 171127top001.nev, 0, NaN, NaN
this file is empty
not processed, 171128mid001.nev, 0, NaN, NaN
this file is empty
not processed, 171128top001.nev, 0, NaN, NaN
this file is empty
not processed, 171129mid001.nev, 0, NaN, NaN
not processed, 171129top001.nev, 99, 2.642650, 2.975446
not processed, 171130mid001.nev, 123, 2.880628, 2.944394
this file is empty
not processed, 171130top001.nev, 0, NaN, NaN
this file is empty
not processed, 171201mid001.nev, 0, NaN, NaN
this file is empty
not processed, 171201mid002.nev, 0, NaN, NaN
this file is empty
not processed, 171201top001.nev, 0, NaN, NaN
this file is empty
not processed, 171201top002.nev, 0, NaN, NaN
this file is empty
not processed, 171205mid001.nev, 0, NaN, NaN
this file is empty
not processed, 171205top001.nev, 0, NaN, NaN
this file is empty
not processed, 171206mid001.nev, 0, NaN, NaN
not processed, 171206top001.nev, 24, 3.321905, 3.321905
this file is empty
not processed, 171208mid001.nev, 0, NaN, NaN
this file is empty
not processed, 171208mid002.nev, 0, NaN, NaN
this file is empty
not processed, 171208mid003.nev, 0, NaN, NaN
this file is empty
not processed, 171208top001.nev, 0, NaN, NaN
this file is empty
not processed, 171208top002.nev, 0, NaN, NaN
this file is empty
not processed, 171208top003.nev, 0, NaN, NaN
not processed, 171211Mid001.nev, 60, 3.980314, 4.159968
not processed, 171211Mid002.nev, 57, 3.564219, 3.859293
not processed, 171211Mid003.nev, 56, 3.308666, 3.614451
this file is empty
not processed, 171211Top001.nev, 0, NaN, NaN
this file is empty
not processed, 171211Top002.nev, 0, NaN, NaN
this file is empty
not processed, 171211Top003.nev, 0, NaN, NaN
this file is empty
not processed, 171219mid001.nev, 0, NaN, NaN
this file is empty
not processed, 171219top001.nev, 0, NaN, NaN
not processed, 171221mid001_first_30min_Sorted.nev, 124, 2.468671, 2.486042
this file is empty
not processed, 180104mid001.nev, 0, NaN, NaN
this file is empty
not processed, 180104top001.nev, 0, NaN, NaN
this file is empty
not processed, 180105mid001.nev, 0, NaN, NaN
this file is empty
not processed, 180105mid002.nev, 0, NaN, NaN
this file is empty
not processed, 180105top001.nev, 0, NaN, NaN
this file is empty
not processed, 180105top002.nev, 0, NaN, NaN
this file is empty
not processed, 180110mid001.nev, 0, NaN, NaN
this file is empty
not processed, 180110mid002.nev, 0, NaN, NaN
this file is empty
not processed, 180110top001.nev, 0, NaN, NaN
this file is empty
not processed, 180110top002.nev, 0, NaN, NaN
this file is empty
not processed, 180126mid002.nev, 0, NaN, NaN
this file is empty
not processed, 180126top002.nev, 0, NaN, NaN
this file is empty
not processed, 180131mid001.nev, 0, NaN, NaN
this file is empty
not processed, 180131top001.nev, 0, NaN, NaN
this file is empty
not processed, 180201mid.nev, 0, NaN, NaN
this file is empty
not processed, 180201top001.nev, 0, NaN, NaN
not processed, 180227mid001.nev, 85, 3.149248, 4.159477
this file is empty
not processed, 180227top001.nev, 0, NaN, NaN
this file is empty
not processed, 180302mid001.nev, 0, NaN, NaN
this file is empty
not processed, 180302top001.nev, 0, NaN, NaN
not processed, 180309mid002.nev, 83, 2.745052, 3.629051
this file is empty
not processed, 180309top002.nev, 0, NaN, NaN
not processed, 180319M1BrSpikes.nev, 111, 2.343643, 2.527409
not processed, 180319PMBrSpikes.nev, 72, 2.013236, 2.522654
this file is empty
not processed, 180328mid001.nev, 0, NaN, NaN
this file is empty
not processed, 180328top001.nev, 0, NaN, NaN
this file is empty
not processed, 180330mid004.nev, 0, NaN, NaN
this file is empty
not processed, 180330mid005.nev, 0, NaN, NaN
this file is empty
not processed, 180330top004.nev, 0, NaN, NaN
this file is empty
not processed, 180330top005.nev, 0, NaN, NaN
this file is empty
not processed, 180405M1Br.nev, 0, NaN, NaN
this file is empty
not processed, 180412M1Bx.nev, 0, NaN, NaN
this file is empty
not processed, 180412PMBx.nev, 0, NaN, NaN
this file is empty
not processed, 180413mid001.nev, 0, NaN, NaN
this file is empty
not processed, 180413top001.nev, 0, NaN, NaN
this file is empty
not processed, 180418aM1Bx.nev, 0, NaN, NaN
this file is empty
not processed, 180418aPMBx.nev, 0, NaN, NaN
this file is empty
not processed, 180418bM1Bx.nev, 0, NaN, NaN
this file is empty
not processed, 180418bPMBx.nev, 0, NaN, NaN
this file is empty
not processed, 180424mid001.nev, 0, NaN, NaN
this file is empty
not processed, 180424mid002.nev, 0, NaN, NaN
this file is empty
not processed, 180424top001.nev, 0, NaN, NaN
this file is empty
not processed, 180424top002.nev, 0, NaN, NaN
this file is empty
not processed, 180425mid001.nev, 0, NaN, NaN
this file is empty
not processed, 180425mid002.nev, 0, NaN, NaN
this file is empty
not processed, 180425mid004.nev, 0, NaN, NaN
this file is empty
not processed, 180425top001.nev, 0, NaN, NaN
this file is empty
not processed, 180425top002.nev, 0, NaN, NaN
this file is empty
not processed, 180425top004.nev, 0, NaN, NaN
this file is empty
not processed, 180427M1Bx002.nev, 0, NaN, NaN
this file is empty
not processed, 180427M1Bx003.nev, 0, NaN, NaN
this file is empty
not processed, 180427PMBx002.nev, 0, NaN, NaN
this file is empty
not processed, 180427PMBx003.nev, 0, NaN, NaN
MAT file corresponding to selected NEV file already exists. Loading MAT instead...
not processed, 20120904-165659-001.nev, 22, 1.071051, 2.296235
this file is empty
not processed, 20120906-150339-001.nev, 0, NaN, NaN
MAT file corresponding to selected NEV file already exists. Loading MAT instead...
The MAT file does not waveforms. Loading NEV instead...
this file is empty
not processed, 20120907-145613-001.nev, 0, NaN, NaN
found electrode number > 128; will discard extra channels and mark file as suspicious
not processed, 201602230001.nev, 96, 2.064737, 2.064737
not processed, 20160418_MIl001.nev, 39, 1.864576, 3.071379
not processed, 20160519M1L_abcd001.nev, 61, 1.831319, 2.751361
not processed, 20160824001.nev, 40, 1.585234, 2.615379
MAT file corresponding to selected NEV file already exists. Loading MAT instead...
The MAT file does not waveforms. Loading NEV instead...
not processed, a081231M1o001-sortedASD.nev, 57, 2.258995, 2.690823
not processed, a081231PmV001-sortedASD.nev, 23, 1.558370, 2.636824
not processed, a090102MIo001-sortedASD.nev, 59, 2.591599, 3.047821
not processed, a090102PMv001-sortedASD.nev, 23, 1.822899, 2.719172
{Index exceeds the number of array elements (1).

Error in <a href="matlab:matlab.internal.language.introspective.errorDocCallback('openNEV', 'Z:\Leda Pentousi\NPMK\openNEV.m', 724)" style="font-weight:bold">openNEV</a> (<a href="matlab: opentoline('Z:\Leda Pentousi\NPMK\openNEV.m',724,0)">line 724</a>)
                NEV.Data.TrackingEvents.ROINum(idx) = str2double(splitEvent{2});

Error in <a href="matlab:matlab.internal.language.introspective.errorDocCallback('nev2plotForAll', 'Z:\Leda Pentousi\nev2plotForAll.m', 26)" style="font-weight:bold">nev2plotForAll</a> (<a href="matlab: opentoline('Z:\Leda Pentousi\nev2plotForAll.m',26,0)">line 26</a>)
data = openNEV(nev2read,'read','nosave');

Error in <a href="matlab:matlab.internal.language.introspective.errorDocCallback('access_notprocessed_files', 'C:\Users\calebsponheim\Documents\git\array_stability\code\access_notprocessed_files.m', 65)" style="font-weight:bold">access_notprocessed_files</a> (<a href="matlab: opentoline('C:\Users\calebsponheim\Documents\git\array_stability\code\access_notprocessed_files.m',65,0)">line 65</a>)
                nev2plotForAll(params,plotDir1);
} 
opentoline('Z:\Leda Pentousi\NPMK\openNEV.m',724,0)
access_notprocessed_files
{Index exceeds the number of array elements (0).

Error in <a href="matlab:matlab.internal.language.introspective.errorDocCallback('openNEV', 'Z:\Leda Pentousi\NPMK\openNEV.m', 423)" style="font-weight:bold">openNEV</a> (<a href="matlab: opentoline('Z:\Leda Pentousi\NPMK\openNEV.m',423,0)">line 423</a>)
NEV.MetaTags.FileTypeID   = char(BasicHeader(1:8)');

Error in <a href="matlab:matlab.internal.language.introspective.errorDocCallback('nev2plotForAll', 'Z:\Leda Pentousi\nev2plotForAll.m', 26)" style="font-weight:bold">nev2plotForAll</a> (<a href="matlab: opentoline('Z:\Leda Pentousi\nev2plotForAll.m',26,0)">line 26</a>)
data = openNEV(nev2read,'read','nosave');

Error in <a href="matlab:matlab.internal.language.introspective.errorDocCallback('access_notprocessed_files', 'C:\Users\calebsponheim\Documents\git\array_stability\code\access_notprocessed_files.m', 65)" style="font-weight:bold">access_notprocessed_files</a> (<a href="matlab: opentoline('C:\Users\calebsponheim\Documents\git\array_stability\code\access_notprocessed_files.m',65,0)">line 65</a>)
                nev2plotForAll(params,plotDir1);
} 
access_notprocessed_files
MAT file corresponding to selected NEV file already exists. Loading MAT instead...
not processed, Athena_03_22_08_MI.2008.03.22.18.52.32.nev, 66, 3.455165, 3.485423
found electrode number > 128; will discard extra channels and mark file as suspicious
not processed, Athena_04_24_08_PMV.2008.04.24.15.48.58001.nev, 29, 2.495162, 2.495162
found electrode number > 128; will discard extra channels and mark file as suspicious
not processed, Athena_04_24_08_PMV.2008.04.24.15.52.16.nev, 32, 2.552139, 2.552139
found electrode number > 128; will discard extra channels and mark file as suspicious
not processed, Athena_04_24_08_PMV.2008.04.24.15.56.49.nev, 26, 1.301068, 2.175078
MAT file corresponding to selected NEV file already exists. Loading MAT instead...
found electrode number > 128; will discard extra channels and mark file as suspicious
not processed, Athena_04_28_08_PMV.2008.04.29.09.03.35001.nev, 19, 1.194676, 1.932477
MAT file corresponding to selected NEV file already exists. Loading MAT instead...
found electrode number > 128; will discard extra channels and mark file as suspicious
not processed, Athena_04_28_08_PMV.2008.05.01.09.35.14001.nev, 39, 1.599799, 2.288294
not processed, Athena_04_28_08_PMV.2008.05.01.10.30.53002.nev, 37, 1.932269, 2.153390
MAT file corresponding to selected NEV file already exists. Loading MAT instead...
not processed, Athena_04_28_08_PMV.2008.05.08.09.32.20001.nev, 38, 2.396715, 2.435193
not processed, Athena_04_28_08_PMV.2008.05.08.09.34.34002.nev, 32, 1.493698, 2.097012
not processed, Athena_04_28_08_PMV.2008.05.08.10.33.14003.nev, 26, 1.328908, 2.081175
MAT file corresponding to selected NEV file already exists. Loading MAT instead...
not processed, Athena_04_28_08_PMV.2008.05.08.11.52.15004.nev, 14, 1.037654, 1.852462
not processed, Athena_04_28_08_PMV.2008.05.08.11.57.14005.nev, 17, 1.125105, 1.980494
not processed, Athena_3_22_08_MI.2008.03.22.16.34.02.nev, 65, 3.085927, 3.239279
found electrode number > 128; will discard extra channels and mark file as suspicious
not processed, Athena_5_12_2008_PMv.2008.05.12.14.10.43.nev, 31, 1.256590, 2.093044
found electrode number > 128; will discard extra channels and mark file as suspicious
not processed, Athena_5_16_2008_PMv.2008.05.16.08.01.44.nev, 20, 0.903442, 1.970811
found electrode number > 128; will discard extra channels and mark file as suspicious
not processed, Athena_5_16_2008_PMv.2008.05.16.08.01.44.nev, 20, 0.903442, 1.970811
found electrode number > 128; will discard extra channels and mark file as suspicious
not processed, Athena_5_16_2008_PMv.2008.05.16.08.01.44.nev, 20, 0.903442, 1.970811
found electrode number > 128; will discard extra channels and mark file as suspicious
not processed, Athena_5_18_2008_PMv.2008.05.18.10.10.29.nev, 34, 1.402383, 2.221098
found electrode number > 128; will discard extra channels and mark file as suspicious
not processed, Athena_5_18_2008_PMv.2008.05.18.10.10.29.nev, 34, 1.402383, 2.221098
found electrode number > 128; will discard extra channels and mark file as suspicious
not processed, Athena_5_18_2008_PMv.2008.05.18.10.10.29.nev, 34, 1.402383, 2.221098
found electrode number > 128; will discard extra channels and mark file as suspicious
not processed, Athena_5_19_2008_PMv.2008.05.19.16.20.50.nev, 37, 1.781026, 2.451285
found electrode number > 128; will discard extra channels and mark file as suspicious
not processed, Athena_MI_05_11_08-01.nev, 45, 1.681958, 2.451626
{Index exceeds the number of array elements (1).

Error in <a href="matlab:matlab.internal.language.introspective.errorDocCallback('openNEV', 'Z:\Leda Pentousi\NPMK\openNEV.m', 725)" style="font-weight:bold">openNEV</a> (<a href="matlab: opentoline('Z:\Leda Pentousi\NPMK\openNEV.m',725,0)">line 725</a>)
                NEV.Data.TrackingEvents.Event{idx} = splitEvent{3};

Error in <a href="matlab:matlab.internal.language.introspective.errorDocCallback('nev2plotForAll', 'Z:\Leda Pentousi\nev2plotForAll.m', 26)" style="font-weight:bold">nev2plotForAll</a> (<a href="matlab: opentoline('Z:\Leda Pentousi\nev2plotForAll.m',26,0)">line 26</a>)
data = openNEV(nev2read,'read','nosave');

Error in <a href="matlab:matlab.internal.language.introspective.errorDocCallback('access_notprocessed_files', 'C:\Users\calebsponheim\Documents\git\array_stability\code\access_notprocessed_files.m', 65)" style="font-weight:bold">access_notprocessed_files</a> (<a href="matlab: opentoline('C:\Users\calebsponheim\Documents\git\array_stability\code\access_notprocessed_files.m',65,0)">line 65</a>)
                nev2plotForAll(params,plotDir1);
} 
access_notprocessed_files
this file count not be read.
not processed, Athena_MI_PMV.2008.05.09.07.46.16.nev, 0, NaN, NaN
MAT file corresponding to selected NEV file already exists. Loading MAT instead...
found electrode number > 128; will discard extra channels and mark file as suspicious
not processed, Athena_MI_PMV.2008.05.09.09.44.46.nev, 42, 1.649344, 2.173401
found electrode number > 128; will discard extra channels and mark file as suspicious
not processed, Athena_MI_PMV.2008.05.11.14.53.09.nev, 19, 0.892322, 1.867789
found electrode number > 128; will discard extra channels and mark file as suspicious
not processed, Athena_MI_PMV.2008.05.11.14.53.09.nev, 19, 0.892322, 1.867789
found electrode number > 128; will discard extra channels and mark file as suspicious
not processed, Athena_MI_PMV.2008.05.11.18.27.20.nev, 20, 1.466208, 2.053396
found electrode number > 128; will discard extra channels and mark file as suspicious
not processed, Athena_MI_PMV.2008.05.11.18.27.20.nev, 20, 1.466208, 2.053396
this file count not be read.
not processed, b080611_PMd_RTP001 (2).nev, 0, NaN, NaN
this file count not be read.
not processed, b080611_PMd_RTP001.nev, 0, NaN, NaN
this file count not be read.
not processed, b080612_PMd_RTP001.nev, 0, NaN, NaN
not processed, b080805_PMd_BRP001 (2).nev, 76, 3.173390, 3.199273
not processed, b080807_PMd_BRP001.nev, 71, 3.141046, 3.141046
not processed, b080812_M1_BRP001 (2).nev, 40, 2.289982, 2.388627
not processed, b080812_PMd_BRP001 (2).nev, 68, 3.288804, 3.288804
not processed, b080813_M1_BRP001 (2).nev, 39, 2.311182, 2.406631
Unknown filespec. Cannot open file.
this file count not be read.
not processed, b1030131.nev, 0, NaN, NaN
Unknown filespec. Cannot open file.
this file count not be read.
not processed, b1030203_PMd.nev, 0, NaN, NaN
Unknown filespec. Cannot open file.
this file count not be read.
not processed, b1030204_PMd.nev, 0, NaN, NaN
Unknown filespec. Cannot open file.
this file count not be read.
not processed, b1030205_M1.nev, 0, NaN, NaN
Unknown filespec. Cannot open file.
this file count not be read.
not processed, b1030206_PMd.nev, 0, NaN, NaN
Unknown filespec. Cannot open file.
this file count not be read.
not processed, b1030207_PMd.nev, 0, NaN, NaN
Unknown filespec. Cannot open file.
this file count not be read.
not processed, b1030208_11min.nev, 0, NaN, NaN
Unknown filespec. Cannot open file.
this file count not be read.
not processed, b1030210_M1.nev, 0, NaN, NaN
Unknown filespec. Cannot open file.
this file count not be read.
not processed, b1030210ext_M1.nev, 0, NaN, NaN
Unknown filespec. Cannot open file.
this file count not be read.
not processed, b1030211_M1.nev, 0, NaN, NaN
Unknown filespec. Cannot open file.
this file count not be read.
not processed, b1030212_PMd.nev, 0, NaN, NaN
Unknown filespec. Cannot open file.
this file count not be read.
not processed, b1030213.nev, 0, NaN, NaN
Unknown filespec. Cannot open file.
this file count not be read.
not processed, b1030214_M1.nev, 0, NaN, NaN
Unknown filespec. Cannot open file.
this file count not be read.
not processed, b1030217_PMd.nev, 0, NaN, NaN
Unknown filespec. Cannot open file.
this file count not be read.
not processed, b1030218_M1.nev, 0, NaN, NaN
Unknown filespec. Cannot open file.
this file count not be read.
not processed, b1030226.nev, 0, NaN, NaN
Unknown filespec. Cannot open file.
this file count not be read.
not processed, b1030227.nev, 0, NaN, NaN
Unknown filespec. Cannot open file.
this file count not be read.
not processed, b1030228_m1.nev, 0, NaN, NaN
Unknown filespec. Cannot open file.
this file count not be read.
not processed, b1030305.nev, 0, NaN, NaN
Unknown filespec. Cannot open file.
this file count not be read.
not processed, b1030312_M1.nev, 0, NaN, NaN
Unknown filespec. Cannot open file.
this file count not be read.
not processed, b1030312_PMd_sorted.nev, 0, NaN, NaN
Unknown filespec. Cannot open file.
this file count not be read.
not processed, b1030313_PMd.nev, 0, NaN, NaN
Unknown filespec. Cannot open file.
this file count not be read.
not processed, b1030314_MI_PMd.nev, 0, NaN, NaN
Unknown filespec. Cannot open file.
this file count not be read.
not processed, b1030315_M1 (2).nev, 0, NaN, NaN
Unknown filespec. Cannot open file.
this file count not be read.
not processed, b1030315_M1.nev, 0, NaN, NaN
Unknown filespec. Cannot open file.
this file count not be read.
{Index exceeds the number of array elements (0).

Error in <a href="matlab:matlab.internal.language.introspective.errorDocCallback('access_notprocessed_files', 'C:\Users\calebsponheim\Documents\git\array_stability\code\access_notprocessed_files.m', 125)" style="font-weight:bold">access_notprocessed_files</a> (<a href="matlab: opentoline('C:\Users\calebsponheim\Documents\git\array_stability\code\access_notprocessed_files.m',125,0)">line 125</a>)
                    sum(allsnr(1:(split*32))>params.SNRthreshold),nanmean(allsnr(1:(split*32))),...
} 
opentoline('C:\Users\calebsponheim\Documents\git\array_stability\code\access_notprocessed_files.m',125,0)
~isempty(split) && ~isempty(allsnr)

ans =

  <a href="matlab:helpPopup logical" style="font-weight:bold">logical</a>

   0

fprintf('%s, %s, %i, %f, %f\n',...
                    sheet2read, params.iName,...
                    sum(allsnr>params.SNRthreshold),nanmean(allsnr),...
                    nanmean(allsnr(allsnr>params.SNRthreshold)))
not processed, b1030320_M1_PMd.nev, 0, NaN, NaN
access_notprocessed_files
Unknown filespec. Cannot open file.
this file count not be read.
not processed, b1030321_M1_PMd.nev, 0, NaN, NaN
Unknown filespec. Cannot open file.
this file count not be read.
not processed, b1030324_M1_PMd.nev, 0, NaN, NaN
Unknown filespec. Cannot open file.
this file count not be read.
not processed, b1030325_PMd.nev, 0, NaN, NaN
Unknown filespec. Cannot open file.
this file count not be read.
not processed, b1030326_PMd.nev, 0, NaN, NaN
Unknown filespec. Cannot open file.
this file count not be read.
not processed, b1030327_PMd.nev, 0, NaN, NaN
Unknown filespec. Cannot open file.
this file count not be read.
not processed, b1030328_PMd.nev, 0, NaN, NaN
Unknown filespec. Cannot open file.
this file count not be read.
not processed, b1030402_MI_PMd.nev, 0, NaN, NaN
Unknown filespec. Cannot open file.
this file count not be read.
not processed, b1030403_MI_PMd.nev, 0, NaN, NaN
Unknown filespec. Cannot open file.
this file count not be read.
not processed, B1030404_M1_PMd.nev, 0, NaN, NaN
Unknown filespec. Cannot open file.
this file count not be read.
not processed, b1030405_M1_PMd.nev, 0, NaN, NaN
Unknown filespec. Cannot open file.
this file count not be read.
not processed, b1030408_M1_PMd.nev, 0, NaN, NaN
Unknown filespec. Cannot open file.
this file count not be read.
not processed, b1030409_PMd.nev, 0, NaN, NaN
Unknown filespec. Cannot open file.
this file count not be read.
not processed, b1030410_M1_PMd.nev, 0, NaN, NaN
Unknown filespec. Cannot open file.
this file count not be read.
not processed, b1030411_M1_PMd.nev, 0, NaN, NaN
Unknown filespec. Cannot open file.
this file count not be read.
not processed, b1030414_M1_PMd.nev, 0, NaN, NaN
Unknown filespec. Cannot open file.
this file count not be read.
not processed, b1030415_M1_PMd.nev, 0, NaN, NaN
Unknown filespec. Cannot open file.
this file count not be read.
not processed, b1030416_M1_PMd.nev, 0, NaN, NaN
Unknown filespec. Cannot open file.
this file count not be read.
not processed, B1030419_M1_PMd.nev, 0, NaN, NaN
Unknown filespec. Cannot open file.
this file count not be read.
not processed, b1030422_M1_PMd.nev, 0, NaN, NaN
Unknown filespec. Cannot open file.
this file count not be read.
not processed, b1030423_M1_PMd.nev, 0, NaN, NaN
Unknown filespec. Cannot open file.
this file count not be read.
not processed, b1030424_M1_PMd.nev, 0, NaN, NaN
Unknown filespec. Cannot open file.
this file count not be read.
not processed, b1030425_M1_PMd.nev, 0, NaN, NaN
Unknown filespec. Cannot open file.
this file count not be read.
not processed, b1030426_M1_PMd.nev, 0, NaN, NaN
Unknown filespec. Cannot open file.
this file count not be read.
not processed, b1030430_M1.nev, 0, NaN, NaN
Unknown filespec. Cannot open file.
this file count not be read.
not processed, b1030505_PMd.nev, 0, NaN, NaN
Unknown filespec. Cannot open file.
this file count not be read.
not processed, b1030506_M1_PMd.nev, 0, NaN, NaN
Unknown filespec. Cannot open file.
this file count not be read.
not processed, b1030507_M1_PMd.nev, 0, NaN, NaN
Unknown filespec. Cannot open file.
this file count not be read.
not processed, b1030508_M1_PMd.nev, 0, NaN, NaN
Unknown filespec. Cannot open file.
this file count not be read.
not processed, b1030509_M1_PMd.nev, 0, NaN, NaN
Unknown filespec. Cannot open file.
this file count not be read.
not processed, b1030510_M1_PMd.nev, 0, NaN, NaN
Unknown filespec. Cannot open file.
this file count not be read.
not processed, b1030513_M1_PMd.nev, 0, NaN, NaN
Unknown filespec. Cannot open file.
this file count not be read.
not processed, b1030514_M1_PMd.nev, 0, NaN, NaN
Unknown filespec. Cannot open file.
this file count not be read.
not processed, b1030515_M1_PMd.nev, 0, NaN, NaN
Unknown filespec. Cannot open file.
this file count not be read.
not processed, b1030516_M1_PMd.nev, 0, NaN, NaN
Unknown filespec. Cannot open file.
this file count not be read.
not processed, b1030517_M1_PMd.nev, 0, NaN, NaN
Unknown filespec. Cannot open file.
this file count not be read.
not processed, b1030519_M1_PMd.nev, 0, NaN, NaN
Unknown filespec. Cannot open file.
this file count not be read.
not processed, b1030520_M1_PMd.nev, 0, NaN, NaN
Unknown filespec. Cannot open file.
this file count not be read.
not processed, b1030521_M1_PMd.nev, 0, NaN, NaN
Unknown filespec. Cannot open file.
this file count not be read.
not processed, b1030521_M1_PMd-01_6-12-06_DP.nev, 0, NaN, NaN
Unknown filespec. Cannot open file.
this file count not be read.
not processed, b1030521_M1_PMd-01_6-12-06_DP-01_DAWN.nev, 0, NaN, NaN
Unknown filespec. Cannot open file.
this file count not be read.
not processed, b1030522_M1_PMd.nev, 0, NaN, NaN
Unknown filespec. Cannot open file.
this file count not be read.
not processed, b1030523_M1_PMd.nev, 0, NaN, NaN
Unknown filespec. Cannot open file.
this file count not be read.
not processed, b1030528_M1.nev, 0, NaN, NaN
Unknown filespec. Cannot open file.
this file count not be read.
not processed, b1030529_PMd.nev, 0, NaN, NaN
Unknown filespec. Cannot open file.
this file count not be read.
not processed, b1030530_M1_PMd.nev, 0, NaN, NaN
Unknown filespec. Cannot open file.
this file count not be read.
not processed, B1030531_PMd.nev, 0, NaN, NaN
Unknown filespec. Cannot open file.
this file count not be read.
not processed, B1030602_PMd.nev, 0, NaN, NaN
Unknown filespec. Cannot open file.
this file count not be read.
not processed, B1030602_PMd_1.nev, 0, NaN, NaN
Unknown filespec. Cannot open file.
this file count not be read.
not processed, B1030610_M1_PMd.nev, 0, NaN, NaN
Unknown filespec. Cannot open file.
this file count not be read.
not processed, B1030611_M1_PMd.nev, 0, NaN, NaN
Unknown filespec. Cannot open file.
this file count not be read.
not processed, b1030612_M1_PMd.nev, 0, NaN, NaN
Unknown filespec. Cannot open file.
this file count not be read.
not processed, b1030612_M1_PMd-01_6-8-06_DP.nev, 0, NaN, NaN
Unknown filespec. Cannot open file.
this file count not be read.
not processed, b1030613_M1_PMd.nev, 0, NaN, NaN
Unknown filespec. Cannot open file.
this file count not be read.
not processed, B1030615_PMd_M1_night_1-SortedRedo.nev, 0, NaN, NaN
Unknown filespec. Cannot open file.
this file count not be read.
not processed, B1030615_PMd_M1_night_2-sortedReDo.nev, 0, NaN, NaN
Unknown filespec. Cannot open file.
this file count not be read.
not processed, B1030616_Day-Sorted.nev, 0, NaN, NaN
Unknown filespec. Cannot open file.
this file count not be read.
not processed, b1030616_M1_PMd.nev, 0, NaN, NaN
Unknown filespec. Cannot open file.
this file count not be read.
not processed, B1030616N_M1bc_PMdba-Sorted.nev, 0, NaN, NaN
Unknown filespec. Cannot open file.
this file count not be read.
not processed, B1030617_M1_PMd.nev, 0, NaN, NaN
Unknown filespec. Cannot open file.
this file count not be read.
not processed, B1030617_M1_PMd-Sorted-02.nev, 0, NaN, NaN
Unknown filespec. Cannot open file.
this file count not be read.
not processed, B1030617_PMdab_M1bc_night-Sorted-01.nev, 0, NaN, NaN
Unknown filespec. Cannot open file.
this file count not be read.
not processed, B1030618_M1_PMd.nev, 0, NaN, NaN
Unknown filespec. Cannot open file.
this file count not be read.
not processed, b1030619_M1_PMd.nev, 0, NaN, NaN
Unknown filespec. Cannot open file.
this file count not be read.
not processed, B1030620_PMd.nev, 0, NaN, NaN
Unknown filespec. Cannot open file.
this file count not be read.
not processed, B1030626_PMd.nev, 0, NaN, NaN
Unknown filespec. Cannot open file.
this file count not be read.
not processed, b1030628_PMd.nev, 0, NaN, NaN
Unknown filespec. Cannot open file.
this file count not be read.
not processed, B1030630_PMd.nev, 0, NaN, NaN
Unknown filespec. Cannot open file.
this file count not be read.
not processed, B1030701_PMd.nev, 0, NaN, NaN
Unknown filespec. Cannot open file.
this file count not be read.
not processed, B1030702_PMd.nev, 0, NaN, NaN
Unknown filespec. Cannot open file.
this file count not be read.
not processed, B1030703_PMd.nev, 0, NaN, NaN
Unknown filespec. Cannot open file.
this file count not be read.
not processed, B1030703_Stim_30microAmp.nev, 0, NaN, NaN
Unknown filespec. Cannot open file.
this file count not be read.
not processed, B1030703_Stim_90microAmp.nev, 0, NaN, NaN
Unknown filespec. Cannot open file.
this file count not be read.
not processed, B1030703_Stim_90microAmp_2.nev, 0, NaN, NaN
Unknown filespec. Cannot open file.
this file count not be read.
not processed, B1030704_PMd.nev, 0, NaN, NaN
Unknown filespec. Cannot open file.
this file count not be read.
not processed, B1030707_M1_Stim_A1_100microA.nev, 0, NaN, NaN
Unknown filespec. Cannot open file.
this file count not be read.
not processed, B1030707_M1_Stim_A1_50microA.nev, 0, NaN, NaN
Unknown filespec. Cannot open file.
this file count not be read.
not processed, B1030707_M1_Stim_B8_100microA.nev, 0, NaN, NaN
Unknown filespec. Cannot open file.
this file count not be read.
not processed, B1030707_M1_Stim_B8_50microA.nev, 0, NaN, NaN
Unknown filespec. Cannot open file.
this file count not be read.
not processed, B1030707_M1_Stim_C3_100microA.nev, 0, NaN, NaN
Unknown filespec. Cannot open file.
this file count not be read.
not processed, B1030707_M1_Stim_C3_50microA.nev, 0, NaN, NaN
Unknown filespec. Cannot open file.
this file count not be read.
not processed, B1030708_PMd.nev, 0, NaN, NaN
Unknown filespec. Cannot open file.
this file count not be read.
not processed, B1030708_Stim_A1_Neg.nev, 0, NaN, NaN
Unknown filespec. Cannot open file.
this file count not be read.
not processed, B1030708_Stim_B20_Neg.nev, 0, NaN, NaN
Unknown filespec. Cannot open file.
this file count not be read.
not processed, B1030708_Stim_B8_Neg.nev, 0, NaN, NaN
Unknown filespec. Cannot open file.
this file count not be read.
not processed, B1030708_Stim_C10_Neg.nev, 0, NaN, NaN
Unknown filespec. Cannot open file.
this file count not be read.
not processed, B1030708_Stim_C3_Neg.nev, 0, NaN, NaN
Unknown filespec. Cannot open file.
this file count not be read.
not processed, B1030709_PMd.nev, 0, NaN, NaN
Unknown filespec. Cannot open file.
this file count not be read.
not processed, B1030710_M1_PMd.nev, 0, NaN, NaN
Unknown filespec. Cannot open file.
this file count not be read.
not processed, B1030711_M1_&_PMd.nev, 0, NaN, NaN
Unknown filespec. Cannot open file.
this file count not be read.
not processed, B1030711_Stim_A11_12_100microA.nev, 0, NaN, NaN
Unknown filespec. Cannot open file.
this file count not be read.
not processed, B1030711_Stim_A11_12_10microA.nev, 0, NaN, NaN
Unknown filespec. Cannot open file.
this file count not be read.
not processed, B1030711_Stim_A11_12_10microA_ISI1s.nev, 0, NaN, NaN
Unknown filespec. Cannot open file.
this file count not be read.
not processed, B1030711_Stim_A11_12_50microA.nev, 0, NaN, NaN
Unknown filespec. Cannot open file.
this file count not be read.
not processed, B1030711_Stim_B7_8_100microA_ISI100ms.nev, 0, NaN, NaN
Unknown filespec. Cannot open file.
this file count not be read.
not processed, B1030711_Stim_B7_8_10microA_ISI1s.nev, 0, NaN, NaN
Unknown filespec. Cannot open file.
this file count not be read.
not processed, B1030711_Stim_B7_8_50microA_ISI100ms.nev, 0, NaN, NaN
Unknown filespec. Cannot open file.
this file count not be read.
not processed, b1030715_M1_PMd.nev, 0, NaN, NaN
Unknown filespec. Cannot open file.
this file count not be read.
not processed, B1030716_M1_PMd.nev, 0, NaN, NaN
Unknown filespec. Cannot open file.
this file count not be read.
not processed, B1030717_M1_PMd.nev, 0, NaN, NaN
Unknown filespec. Cannot open file.
this file count not be read.
not processed, B1030717_M1_PMd_2.nev, 0, NaN, NaN
Unknown filespec. Cannot open file.
this file count not be read.
not processed, B1030718_M1_PMd.nev, 0, NaN, NaN
Unknown filespec. Cannot open file.
this file count not be read.
not processed, B1030719_M1_PMd.nev, 0, NaN, NaN
Unknown filespec. Cannot open file.
this file count not be read.
not processed, B1030722_M1_PMd.nev, 0, NaN, NaN
Unknown filespec. Cannot open file.
this file count not be read.
not processed, B1030723_M1_PMd.nev, 0, NaN, NaN
Unknown filespec. Cannot open file.
this file count not be read.
not processed, B1030724_M1_PMd.nev, 0, NaN, NaN
Unknown filespec. Cannot open file.
this file count not be read.
not processed, B1030724_M1_PMd_stim_testing_seq_rand.nev, 0, NaN, NaN
Unknown filespec. Cannot open file.
this file count not be read.
not processed, B1030724_stim_PMd_C_10Hz_BP_A.nev, 0, NaN, NaN
Unknown filespec. Cannot open file.
this file count not be read.
not processed, B1030724_stim_PMd_C_10Hz_BP_B.nev, 0, NaN, NaN
Unknown filespec. Cannot open file.
this file count not be read.
not processed, B1030724_stim_PMd_C_10Hz_UP_A.nev, 0, NaN, NaN
Unknown filespec. Cannot open file.
this file count not be read.
not processed, B1030724_stim_PMd_C_10Hz_UP_B.nev, 0, NaN, NaN
Unknown filespec. Cannot open file.
this file count not be read.
not processed, B1030725_M1_PMd.nev, 0, NaN, NaN
Unknown filespec. Cannot open file.
this file count not be read.
not processed, B1030728_M1_PMd.nev, 0, NaN, NaN
Unknown filespec. Cannot open file.
this file count not be read.
not processed, b1030728_M1_PMd-01_6-15-06_DP.nev, 0, NaN, NaN
Unknown filespec. Cannot open file.
this file count not be read.
not processed, B1030728_stim_PMd_A_25_27.nev, 0, NaN, NaN
Unknown filespec. Cannot open file.
this file count not be read.
not processed, B1030728_stim_PMd_A_9_11.nev, 0, NaN, NaN
Unknown filespec. Cannot open file.
this file count not be read.
not processed, B1030730_M1_PMd.nev, 0, NaN, NaN
Unknown filespec. Cannot open file.
this file count not be read.
not processed, B1030802_M1_PMd.nev, 0, NaN, NaN
Unknown filespec. Cannot open file.
this file count not be read.
not processed, B1030802_M1_PMd_stim_PMdB_26_27.nev, 0, NaN, NaN
Unknown filespec. Cannot open file.
this file count not be read.
not processed, B1030802_M1_PMd_stim_PMdC_23_25.nev, 0, NaN, NaN
Unknown filespec. Cannot open file.
this file count not be read.
not processed, b1030808_M1_PMd.nev, 0, NaN, NaN
Unknown filespec. Cannot open file.
this file count not be read.
not processed, B1030809_M1ABC_PMdA.nev, 0, NaN, NaN
Unknown filespec. Cannot open file.
this file count not be read.
not processed, B1030809_M1ABC_PMdA_stim_PMdB_10microA_160micros.nev, 0, NaN, NaN
Unknown filespec. Cannot open file.
this file count not be read.
not processed, B1030809_M1ABC_PMdA_stim_PMdB_10microA_200micros.nev, 0, NaN, NaN
Unknown filespec. Cannot open file.
this file count not be read.
not processed, B1030809_M1ABC_PMdA_stim_PMdB_10microA_400micros.nev, 0, NaN, NaN
Unknown filespec. Cannot open file.
this file count not be read.
not processed, B1030809_M1ABC_PMdA_stim_PMdB_15microA_160micros.nev, 0, NaN, NaN
Unknown filespec. Cannot open file.
this file count not be read.
not processed, B1030809_M1ABC_PMdA_stim_PMdB_15microA_200micros.nev, 0, NaN, NaN
Unknown filespec. Cannot open file.
this file count not be read.
not processed, B1030809_M1ABC_PMdA_stim_PMdB_20microA_160micros.nev, 0, NaN, NaN
Unknown filespec. Cannot open file.
this file count not be read.
not processed, B1030809_M1ABC_PMdA_stim_PMdB_20microA_200micros.nev, 0, NaN, NaN
Unknown filespec. Cannot open file.
this file count not be read.
not processed, B1030809_M1ABC_PMdA_stim_PMdB_2microA_160micros.nev, 0, NaN, NaN
Unknown filespec. Cannot open file.
this file count not be read.
not processed, B1030809_M1ABC_PMdA_stim_PMdB_2microA_200micros.nev, 0, NaN, NaN
Unknown filespec. Cannot open file.
this file count not be read.
not processed, B1030809_M1ABC_PMdA_stim_PMdB_2microA_400micros.nev, 0, NaN, NaN
Unknown filespec. Cannot open file.
this file count not be read.
not processed, B1030809_M1ABC_PMdA_stim_PMdB_5microA_160micros.nev, 0, NaN, NaN
Unknown filespec. Cannot open file.
this file count not be read.
not processed, B1030809_M1ABC_PMdA_stim_PMdB_5microA_200micros.nev, 0, NaN, NaN
Unknown filespec. Cannot open file.
this file count not be read.
not processed, B1030809_M1ABC_PMdA_stim_PMdB_5microA_400micros.nev, 0, NaN, NaN
Unknown filespec. Cannot open file.
this file count not be read.
not processed, B1030811_M1_PMd.nev, 0, NaN, NaN
Unknown filespec. Cannot open file.
this file count not be read.
not processed, B1030814_M1_PMd.nev, 0, NaN, NaN
Unknown filespec. Cannot open file.
this file count not be read.
not processed, B1030815_M1_PMd.nev, 0, NaN, NaN
Unknown filespec. Cannot open file.
this file count not be read.
not processed, B1030818_M1_PMd.nev, 0, NaN, NaN
Unknown filespec. Cannot open file.
this file count not be read.
not processed, B1030819_M1_PMd.nev, 0, NaN, NaN
Unknown filespec. Cannot open file.
this file count not be read.
not processed, B1030820_M1_PMd.nev, 0, NaN, NaN
Unknown filespec. Cannot open file.
this file count not be read.
not processed, B1030821_M1_PMd.nev, 0, NaN, NaN
Unknown filespec. Cannot open file.
this file count not be read.
not processed, b1030822_M1_PMd.nev, 0, NaN, NaN
Unknown filespec. Cannot open file.
this file count not be read.
not processed, b1030825_M1_PMd.nev, 0, NaN, NaN
Unknown filespec. Cannot open file.
this file count not be read.
not processed, b1030826_M1_PMd.nev, 0, NaN, NaN
Unknown filespec. Cannot open file.
this file count not be read.
not processed, b1030827_M1_PMd.nev, 0, NaN, NaN
Unknown filespec. Cannot open file.
this file count not be read.
not processed, b1030828_PMd123.nev, 0, NaN, NaN
Unknown filespec. Cannot open file.
this file count not be read.
not processed, b1030829_PMd.nev, 0, NaN, NaN
Unknown filespec. Cannot open file.
this file count not be read.
not processed, b1030902_PMd.nev, 0, NaN, NaN
Unknown filespec. Cannot open file.
this file count not be read.
not processed, b1030903_PMd.nev, 0, NaN, NaN
Unknown filespec. Cannot open file.
this file count not be read.
not processed, b1030904_PMd.nev, 0, NaN, NaN
Unknown filespec. Cannot open file.
this file count not be read.
not processed, b1030905_PMd.nev, 0, NaN, NaN
Unknown filespec. Cannot open file.
this file count not be read.
not processed, b1030908_PMd.nev, 0, NaN, NaN
Unknown filespec. Cannot open file.
this file count not be read.
not processed, b1030909_M1_PMd.nev, 0, NaN, NaN
Unknown filespec. Cannot open file.
this file count not be read.
not processed, b1030910_PMd.nev, 0, NaN, NaN
Unknown filespec. Cannot open file.
this file count not be read.
not processed, b1030911_PMd.nev, 0, NaN, NaN
Unknown filespec. Cannot open file.
this file count not be read.
not processed, b1030911_PMd-01.nev, 0, NaN, NaN
Unknown filespec. Cannot open file.
this file count not be read.
not processed, b1030911_PMd-02.nev, 0, NaN, NaN
Unknown filespec. Cannot open file.
this file count not be read.
not processed, b1030916_M1c_PMDabc.nev, 0, NaN, NaN
Unknown filespec. Cannot open file.
this file count not be read.
not processed, b1030917_M1a_PMdabc.nev, 0, NaN, NaN
Unknown filespec. Cannot open file.
this file count not be read.
not processed, b1030918_M1c_PMdabc.nev, 0, NaN, NaN
Unknown filespec. Cannot open file.
this file count not be read.
not processed, b1030919_M1c_PMdabc.nev, 0, NaN, NaN
Unknown filespec. Cannot open file.
this file count not be read.
not processed, b1030920_M1_PMd.nev, 0, NaN, NaN
Unknown filespec. Cannot open file.
this file count not be read.
not processed, b1030922_M1c_PMdabc.nev, 0, NaN, NaN
Unknown filespec. Cannot open file.
this file count not be read.
not processed, b1030923_M1c_PMdabc.nev, 0, NaN, NaN
Unknown filespec. Cannot open file.
this file count not be read.
not processed, b1030924_M1.nev, 0, NaN, NaN
Unknown filespec. Cannot open file.
this file count not be read.
not processed, b1030925_PMd.nev, 0, NaN, NaN
Unknown filespec. Cannot open file.
this file count not be read.
not processed, b1030926_M1c_PMdbc.nev, 0, NaN, NaN
Unknown filespec. Cannot open file.
this file count not be read.
not processed, B1030927_PMd.nev, 0, NaN, NaN
Unknown filespec. Cannot open file.
this file count not be read.
not processed, b1030929_M1c_PMdab.nev, 0, NaN, NaN
Unknown filespec. Cannot open file.
this file count not be read.
not processed, b1030930_PMd.nev, 0, NaN, NaN
Unknown filespec. Cannot open file.
this file count not be read.
not processed, b1031001_PMd.nev, 0, NaN, NaN
Unknown filespec. Cannot open file.
this file count not be read.
not processed, b1031002_PMd.nev, 0, NaN, NaN
Unknown filespec. Cannot open file.
this file count not be read.
not processed, b1031003_PMd.nev, 0, NaN, NaN
Unknown filespec. Cannot open file.
this file count not be read.
not processed, B1031004_PMd.nev, 0, NaN, NaN
Unknown filespec. Cannot open file.
this file count not be read.
not processed, b1031006_PMd.nev, 0, NaN, NaN
Unknown filespec. Cannot open file.
this file count not be read.
not processed, b1031007_PMd.nev, 0, NaN, NaN
Unknown filespec. Cannot open file.
this file count not be read.
not processed, b1031008_PMd.nev, 0, NaN, NaN
Unknown filespec. Cannot open file.
this file count not be read.
not processed, b1031009_PMd.nev, 0, NaN, NaN
Unknown filespec. Cannot open file.
this file count not be read.
not processed, b1031010_PMd.nev, 0, NaN, NaN
Unknown filespec. Cannot open file.
this file count not be read.
not processed, b1031013_PMd (2).nev, 0, NaN, NaN
Unknown filespec. Cannot open file.
this file count not be read.
not processed, b1031013_PMd.nev, 0, NaN, NaN
Unknown filespec. Cannot open file.
this file count not be read.
not processed, b1031014_PMd.nev, 0, NaN, NaN
Unknown filespec. Cannot open file.
this file count not be read.
not processed, b1031015_PMd (2).nev, 0, NaN, NaN
Unknown filespec. Cannot open file.
this file count not be read.
not processed, b1031015_PMd.nev, 0, NaN, NaN
Unknown filespec. Cannot open file.
this file count not be read.
not processed, b1031016_PMd.nev, 0, NaN, NaN
Unknown filespec. Cannot open file.
this file count not be read.
not processed, b1031017_PMd.nev, 0, NaN, NaN
Unknown filespec. Cannot open file.
this file count not be read.
not processed, B1031018_PMd.nev, 0, NaN, NaN
Unknown filespec. Cannot open file.
this file count not be read.
not processed, b1031020_PMd.nev, 0, NaN, NaN
Unknown filespec. Cannot open file.
this file count not be read.
not processed, b1031021_PMd.nev, 0, NaN, NaN
Unknown filespec. Cannot open file.
this file count not be read.
not processed, b1031022_PMd.nev, 0, NaN, NaN
Unknown filespec. Cannot open file.
this file count not be read.
not processed, b1031023_PMd.nev, 0, NaN, NaN
Unknown filespec. Cannot open file.
this file count not be read.
not processed, b1031024_PMd.nev, 0, NaN, NaN
Unknown filespec. Cannot open file.
this file count not be read.
not processed, b1031027_PMd001.nev, 0, NaN, NaN
Unknown filespec. Cannot open file.
this file count not be read.
not processed, b1031028_PMd001.nev, 0, NaN, NaN
Unknown filespec. Cannot open file.
this file count not be read.
not processed, b1031029_PMd001.nev, 0, NaN, NaN
Unknown filespec. Cannot open file.
this file count not be read.
not processed, b1031029_PMd001-sorted.nev, 0, NaN, NaN
Unknown filespec. Cannot open file.
this file count not be read.
not processed, b1031030_PMd001.nev, 0, NaN, NaN
Unknown filespec. Cannot open file.
this file count not be read.
not processed, B1031031_PMd001.nev, 0, NaN, NaN
Unknown filespec. Cannot open file.
this file count not be read.
not processed, b1031103_PMd001.nev, 0, NaN, NaN
Unknown filespec. Cannot open file.
this file count not be read.
not processed, b1031104_PMd001001.nev, 0, NaN, NaN
Unknown filespec. Cannot open file.
this file count not be read.
not processed, b1031105_PMd001.nev, 0, NaN, NaN
Unknown filespec. Cannot open file.
this file count not be read.
not processed, b1031106_PMd001001.nev, 0, NaN, NaN
Unknown filespec. Cannot open file.
this file count not be read.
not processed, b1031110_PMd001.nev, 0, NaN, NaN
Unknown filespec. Cannot open file.
this file count not be read.
not processed, b1031111_PMd001.nev, 0, NaN, NaN
Unknown filespec. Cannot open file.
this file count not be read.
not processed, b1031111_PMd001_1.nev, 0, NaN, NaN
Unknown filespec. Cannot open file.
this file count not be read.
not processed, b1031111_PMd001_2.nev, 0, NaN, NaN
Unknown filespec. Cannot open file.
this file count not be read.
not processed, b1031112_PMd001.nev, 0, NaN, NaN
Unknown filespec. Cannot open file.
this file count not be read.
not processed, b1031113_PMd001.nev, 0, NaN, NaN
Unknown filespec. Cannot open file.
this file count not be read.
not processed, b1031114_PMd001.nev, 0, NaN, NaN
Unknown filespec. Cannot open file.
this file count not be read.
not processed, b1031114_PMd002.nev, 0, NaN, NaN
Unknown filespec. Cannot open file.
this file count not be read.
not processed, b1031117_PMd001.nev, 0, NaN, NaN
Unknown filespec. Cannot open file.
this file count not be read.
not processed, b1031124_M1bc_PMdab001.nev, 0, NaN, NaN
Unknown filespec. Cannot open file.
this file count not be read.
not processed, b1031124_M1bc_PMdab002.nev, 0, NaN, NaN
Unknown filespec. Cannot open file.
this file count not be read.
not processed, b1031125_PMdabc001.nev, 0, NaN, NaN
Unknown filespec. Cannot open file.
this file count not be read.
not processed, b1031126.nev, 0, NaN, NaN
Unknown filespec. Cannot open file.
this file count not be read.
not processed, b1031126001.nev, 0, NaN, NaN
Unknown filespec. Cannot open file.
this file count not be read.
not processed, b1031201_M1bc_PMdab.nev, 0, NaN, NaN
Unknown filespec. Cannot open file.
this file count not be read.
not processed, b1031202_M1bc_PMdab001.nev, 0, NaN, NaN
Unknown filespec. Cannot open file.
this file count not be read.
not processed, b1031203_M1bc_PMdab001.nev, 0, NaN, NaN
Unknown filespec. Cannot open file.
this file count not be read.
not processed, b1031208_M1bc_PMdab001.nev, 0, NaN, NaN
Unknown filespec. Cannot open file.
this file count not be read.
not processed, b1031209_M1bc_PMdab001.nev, 0, NaN, NaN
Unknown filespec. Cannot open file.
this file count not be read.
not processed, b1031210_M1bc_PMdab001.nev, 0, NaN, NaN
Unknown filespec. Cannot open file.
this file count not be read.
not processed, b1031211_M1bc_PMdab001.nev, 0, NaN, NaN
Unknown filespec. Cannot open file.
this file count not be read.
not processed, b1031212_M1bc_PMdab001.nev, 0, NaN, NaN
Unknown filespec. Cannot open file.
this file count not be read.
not processed, b1031215_M1bc_PMdab001001.nev, 0, NaN, NaN
Unknown filespec. Cannot open file.
this file count not be read.
not processed, b1031216_M1bc_PMdab001.nev, 0, NaN, NaN
Unknown filespec. Cannot open file.
this file count not be read.
not processed, b1031217_M1bc_PMdab001.nev, 0, NaN, NaN
Unknown filespec. Cannot open file.
this file count not be read.
not processed, b1031219_M1bc_PMd001.nev, 0, NaN, NaN
Unknown filespec. Cannot open file.
this file count not be read.
not processed, b1031222_M1bc_PMdab001.nev, 0, NaN, NaN
Unknown filespec. Cannot open file.
this file count not be read.
not processed, b1031223_M1bc_PMdab001.nev, 0, NaN, NaN
Unknown filespec. Cannot open file.
this file count not be read.
not processed, b1031224_M1bc_PMdab001001.nev, 0, NaN, NaN
Unknown filespec. Cannot open file.
this file count not be read.
not processed, b1031229_M1bc_PMdab001.nev, 0, NaN, NaN
Unknown filespec. Cannot open file.
this file count not be read.
not processed, b1031230_M1bc_PMd001.nev, 0, NaN, NaN
Unknown filespec. Cannot open file.
this file count not be read.
not processed, b1031231_M1bc_PMdab001.nev, 0, NaN, NaN
Unknown filespec. Cannot open file.
this file count not be read.
not processed, b1040105_M1bc_PMdab001.nev, 0, NaN, NaN
Unknown filespec. Cannot open file.
this file count not be read.
not processed, b1040106_M1bc_PMdab001.nev, 0, NaN, NaN
Unknown filespec. Cannot open file.
this file count not be read.
not processed, b1040107_M1bc_PMdab001.nev, 0, NaN, NaN
Unknown filespec. Cannot open file.
this file count not be read.
not processed, b1040108_M1bc_PMdab.nev, 0, NaN, NaN
Unknown filespec. Cannot open file.
this file count not be read.
not processed, b1040108_M1bc_PMdab001 (2).nev, 0, NaN, NaN
Unknown filespec. Cannot open file.
this file count not be read.
not processed, b1040108_M1bc_PMdab001.nev, 0, NaN, NaN
Unknown filespec. Cannot open file.
this file count not be read.
not processed, b1040108_M1bc_PMdab003.nev, 0, NaN, NaN
Unknown filespec. Cannot open file.
this file count not be read.
not processed, b1040108_M1bc_PMdab004.nev, 0, NaN, NaN
Unknown filespec. Cannot open file.
this file count not be read.
not processed, b1040109_M1bc_PMdab001.nev, 0, NaN, NaN
Unknown filespec. Cannot open file.
this file count not be read.
not processed, b1040112_M1c_PMdabc001.nev, 0, NaN, NaN
Unknown filespec. Cannot open file.
this file count not be read.
not processed, b1040113_M1c_PMdabc001.nev, 0, NaN, NaN
Unknown filespec. Cannot open file.
this file count not be read.
not processed, b1040114_M1c_PMdabc001.nev, 0, NaN, NaN
Unknown filespec. Cannot open file.
this file count not be read.
not processed, b1040115_M1c_PMdabc001.nev, 0, NaN, NaN
Unknown filespec. Cannot open file.
this file count not be read.
not processed, b1040116_M1c_PMdabc001.nev, 0, NaN, NaN
Unknown filespec. Cannot open file.
this file count not be read.
not processed, b1040116_M1c_PMdabc002.nev, 0, NaN, NaN
Unknown filespec. Cannot open file.
this file count not be read.
not processed, b1040119_M1c_PMdabc001.nev, 0, NaN, NaN
Unknown filespec. Cannot open file.
this file count not be read.
not processed, b1040120_M1c_PMdabc001.nev, 0, NaN, NaN
Unknown filespec. Cannot open file.
this file count not be read.
not processed, b1040121_M1c_PMdabc001.nev, 0, NaN, NaN
Unknown filespec. Cannot open file.
this file count not be read.
not processed, b1040122_M1c_PMdabc001.nev, 0, NaN, NaN
Unknown filespec. Cannot open file.
this file count not be read.
not processed, b1040123_M1c_PMdabc001.nev, 0, NaN, NaN
Unknown filespec. Cannot open file.
this file count not be read.
not processed, b1040126_PMdabc002.nev, 0, NaN, NaN
Unknown filespec. Cannot open file.
this file count not be read.
not processed, b1040127.nev, 0, NaN, NaN
Unknown filespec. Cannot open file.
this file count not be read.
not processed, b1040127_10Hz_40microA_100microS.nev, 0, NaN, NaN
Unknown filespec. Cannot open file.
this file count not be read.
not processed, b1040128_PMdabc001.nev, 0, NaN, NaN
Unknown filespec. Cannot open file.
this file count not be read.
not processed, b1040129_PMdabc001.nev, 0, NaN, NaN
Unknown filespec. Cannot open file.
this file count not be read.
not processed, b1040130_M1c_PMdabc001.nev, 0, NaN, NaN
Unknown filespec. Cannot open file.
this file count not be read.
not processed, b1040202_M1c_PMdabc001.nev, 0, NaN, NaN
Unknown filespec. Cannot open file.
this file count not be read.
not processed, b1040203_M1c_PMdabc.nev, 0, NaN, NaN
Unknown filespec. Cannot open file.
this file count not be read.
not processed, b1040204_M1c_PMdabc000.nev, 0, NaN, NaN
Unknown filespec. Cannot open file.
this file count not be read.
not processed, b1040205_M1c_PMdabc001.nev, 0, NaN, NaN
Unknown filespec. Cannot open file.
this file count not be read.
not processed, b1040206_M1c_PMdabc001.nev, 0, NaN, NaN
Unknown filespec. Cannot open file.
this file count not be read.
not processed, b1040210_M1c_PMdabc001.nev, 0, NaN, NaN
Unknown filespec. Cannot open file.
this file count not be read.
not processed, b1040211_M1c_PMdabc001.nev, 0, NaN, NaN
Unknown filespec. Cannot open file.
this file count not be read.
not processed, b1040212_M1c_PMdabc001.nev, 0, NaN, NaN
Unknown filespec. Cannot open file.
this file count not be read.
not processed, b1040213_M1c_PMdabc001.nev, 0, NaN, NaN
Unknown filespec. Cannot open file.
this file count not be read.
not processed, b1040216_M1c_PMdabc004.nev, 0, NaN, NaN
Unknown filespec. Cannot open file.
this file count not be read.
not processed, b1040217_M1c_PMdabc001.nev, 0, NaN, NaN
Unknown filespec. Cannot open file.
this file count not be read.
not processed, b1040217_M1c_PMdabc002.nev, 0, NaN, NaN
Unknown filespec. Cannot open file.
this file count not be read.
not processed, b1040218_M1c_PMdabc001.nev, 0, NaN, NaN
Unknown filespec. Cannot open file.
this file count not be read.
not processed, b1040218_M1c_PMdabc002.nev, 0, NaN, NaN
Unknown filespec. Cannot open file.
this file count not be read.
not processed, b1040219_M1c_PMdabc001.nev, 0, NaN, NaN
Unknown filespec. Cannot open file.
this file count not be read.
not processed, b1040219_M1c_PMdabc002.nev, 0, NaN, NaN
Unknown filespec. Cannot open file.
this file count not be read.
not processed, b1040219_M1c_PMdabc003.nev, 0, NaN, NaN
not processed, b1040302_M1c_PMdabc001-01_sorted_DP.nev, M1, 0, NaN, NaN , 32
not processed, b1040302_M1c_PMdabc001-01_sorted_DP.nev, PMd, 49, 3.968984, 3.408011, 96 
not processed, b1040302_M1c_PMdabc001-sorted.nev, M1, 0, NaN, NaN , 32
not processed, b1040302_M1c_PMdabc001-sorted.nev, PMd, 49, 3.968984, 3.408011, 96 
not processed, b1040727_PMd (2).nev, 27, 3.978001, 3.978001
not processed, b1040727_PMd.nev, 27, 3.978001, 3.978001
this file count not be read.
not processed, b1040915_PMd.nev, 0, NaN, NaN
this file count not be read.
not processed, b1040916_PMd.nev, 0, NaN, NaN
this file count not be read.
not processed, b1050110_PMd002.nev, 0, NaN, NaN
this file count not be read.
not processed, b1050210_PMd001.nev, 0, NaN, NaN
this file count not be read.
not processed, b1050224_PMd.nev, 0, NaN, NaN
this file count not be read.
not processed, b1050411_PMd001.nev, 0, NaN, NaN
not processed, b1050511_PMd (2).nev, 18, 1.551916, 2.934141
not processed, b1050511_PMd.nev, 18, 1.551916, 2.934141
this file count not be read.
not processed, b1050628_RTD.nev, 0, NaN, NaN
this file count not be read.
not processed, b1050727_RTD.nev, 0, NaN, NaN
not processed, B1050906_RTD (2).nev, 26, 4.127582, 4.127582
not processed, B1050906_RTD.nev, 26, 4.127582, 4.127582
Unknown filespec. Cannot open file.
this file count not be read.
not processed, b2030131_PMd.nev, 0, NaN, NaN
Unknown filespec. Cannot open file.
this file count not be read.
not processed, b2030203_M1.nev, 0, NaN, NaN
Unknown filespec. Cannot open file.
this file count not be read.
not processed, b2030204_M1.nev, 0, NaN, NaN
Unknown filespec. Cannot open file.
this file count not be read.
not processed, b2030205_PMd.nev, 0, NaN, NaN
Unknown filespec. Cannot open file.
this file count not be read.
not processed, b2030206_M1.nev, 0, NaN, NaN
Unknown filespec. Cannot open file.
this file count not be read.
not processed, b2030208_M1.nev, 0, NaN, NaN
Unknown filespec. Cannot open file.
this file count not be read.
not processed, b2030208ext_M1.nev, 0, NaN, NaN
Unknown filespec. Cannot open file.
this file count not be read.
not processed, b2030312_PMd.nev, 0, NaN, NaN
Unknown filespec. Cannot open file.
this file count not be read.
not processed, b2030402_MI_PMd.nev, 0, NaN, NaN
Unknown filespec. Cannot open file.
this file count not be read.
not processed, b2030424_M1_PMd.nev, 0, NaN, NaN
Unknown filespec. Cannot open file.
this file count not be read.
not processed, b2030425_M1_PMd.nev, 0, NaN, NaN
Unknown filespec. Cannot open file.
this file count not be read.
not processed, B2030724_M1_PMd.nev, 0, NaN, NaN
Unknown filespec. Cannot open file.
this file count not be read.
not processed, B2030820_M1_PMd.nev, 0, NaN, NaN
Unknown filespec. Cannot open file.
this file count not be read.
not processed, b2030924_M1.nev, 0, NaN, NaN
Unknown filespec. Cannot open file.
this file count not be read.
not processed, b2030926_M1c_PMdbc.nev, 0, NaN, NaN
Unknown filespec. Cannot open file.
this file count not be read.
not processed, b2030929_M1c_PMdab.nev, 0, NaN, NaN
Unknown filespec. Cannot open file.
this file count not be read.
not processed, B3030820_M1_PMd.nev, 0, NaN, NaN
Unknown filespec. Cannot open file.
this file count not be read.
not processed, boo030222.nev, 0, NaN, NaN
this file is empty
not processed, Bx171121M1.nev, 0, NaN, NaN
this file is empty
not processed, Bx171128PM.nev, 0, NaN, NaN
this file is empty
not processed, Bx171130PM.nev, 0, NaN, NaN
this file is empty
not processed, Bx171201aPM.nev, 0, NaN, NaN
this file is empty
not processed, Bx171215M1.nev, 0, NaN, NaN
this file is empty
not processed, Bx171220PM.nev, 0, NaN, NaN
this file is empty
not processed, Bx180112PM.nev, 0, NaN, NaN
this file is empty
not processed, Bx180122PM.nev, 0, NaN, NaN
this file is empty
not processed, Bx180126PM.nev, 0, NaN, NaN
this file is empty
not processed, Bx180130M1.nev, 0, NaN, NaN
this file is empty
not processed, Bx180130PM.nev, 0, NaN, NaN
this file is empty
not processed, Bx180308M1 001.nev, 0, NaN, NaN
this file is empty
not processed, Bx180308M1 002.nev, 0, NaN, NaN
this file is empty
not processed, Bx180308PM 001.nev, 0, NaN, NaN
this file is empty
not processed, Bx180308PM 002.nev, 0, NaN, NaN
this file is empty
not processed, Bx180724PM_004.nev, 0, NaN, NaN
this file is empty
not processed, Bx181010bPM.nev, 0, NaN, NaN
this file is empty
not processed, Bx190201M1001_center-out.nev, 0, NaN, NaN
this file is empty
not processed, Bx190201M1003_center-out.nev, 0, NaN, NaN
this file is empty
not processed, Bx190215M1002.nev, 0, NaN, NaN
this file is empty
not processed, Bx190215PM003.nev, 0, NaN, NaN
not processed, c090508_MI_ElbowAngle.nev, 35, 3.559484, 3.627131
not processed, c090616_MI_ElbowAngle001 (2).nev, 20, 2.205215, 2.670646
not processed, c090925_PMd_Grid001 (2).nev, 62, 2.645022, 2.867624
not processed, c905007_PMd_ElbowAngle001 (2).nev, 80, 2.918786, 2.937383
not processed, c905007_PMd_ElbowAngle002 (2).nev, 66, 2.101835, 2.401997
not processed, Copy of mk110914_M1m_SweepDelay001.nev, 50, 1.864156, 2.213366
MAT file corresponding to selected NEV file already exists. Loading MAT instead...
not processed, Copy of V1050916_M1Ab_PMvAc-sorted.nev, M1, 56, 3.162550, 3.376883 , 64
not processed, Copy of V1050916_M1Ab_PMvAc-sorted.nev, PMv, 56, 2.967986, 3.184325, 64 
not processed, datafile001 (2).nev, 15, 1.893755, 2.306329
this file count not be read.
not processed, K020213_M1ipsi001.nev, 0, NaN, NaN
this file count not be read.
not processed, K040213_M1ipsi001.nev, 0, NaN, NaN
this file count not be read.
not processed, K060213_M1ipsi001.nev, 0, NaN, NaN
this file count not be read.
not processed, K080213_M1ipsi001.nev, 0, NaN, NaN
this file count not be read.
not processed, K120814_M1c001.nev, 0, NaN, NaN
this file count not be read.
not processed, K120814_M1c001.nev, 0, NaN, NaN
this file count not be read.
not processed, K160313_M1ipsi001.nev, 0, NaN, NaN
this file count not be read.
not processed, K200213_M1ipsi001.nev, 0, NaN, NaN
this file count not be read.
not processed, k20120814_M1c001.nev, 0, NaN, NaN
this file count not be read.
not processed, k20130202_M1ipsi001.nev, 0, NaN, NaN
