Velma-split, V1050816N_PMdaC_M1Ab.nev, PMd, 22, 1.795384, 2.930741 , 64
Velma-split, V1050816N_PMdaC_M1Ab.nev, M1, 20, 1.215322, 2.321721, 64 
Velma-split, V1050817_PMvaC_M1Ab.nev, PMv, 15, 1.679426, 3.233493 , 64
Velma-split, V1050817_PMvaC_M1Ab.nev, M1, 20, 1.443867, 1.846692, 64 
Velma-split, V1050817N_M1Ab_PMvaC.nev, M1, 17, 3.634139, 3.634139 , 64
Velma-split, V1050817N_M1Ab_PMvaC.nev, PMv, 21, 3.869041, 3.738186, 64 
Velma-split, V2050818_M1Ab_PMvaC.nev, M1, 26, 2.746808, 3.384488 , 64
Velma-split, V2050818_M1Ab_PMvaC.nev, PMv, 22, 3.161286, 2.995467, 64 
Velma-split, V1050820_M1Ab_PMvaC.nev, M1, 47, 2.916617, 3.109472 , 64
Velma-split, V1050820_M1Ab_PMvaC.nev, PMv, 48, 2.796496, 2.923350, 64 
Velma-split, V1050820N_M1Ab_PMvaC.nev, M1, 45, 2.593181, 2.744353 , 64
Velma-split, V1050820N_M1Ab_PMvaC.nev, PMv, 49, 2.569624, 2.530080, 64 
Velma-split, V1050821N_M1Ab_PMvAc.nev, M1, 51, 2.693001, 2.786830 , 64
Velma-split, V1050821N_M1Ab_PMvAc.nev, PMv, 48, 2.333087, 2.710957, 64 
Velma-split, V1050822_M1Ab_PMvAc001.nev, M1, 40, 2.938651, 3.115897 , 64
Velma-split, V1050822_M1Ab_PMvAc001.nev, PMv, 47, 2.567403, 2.934878, 64 
Velma-split, V1050822N_PMvAc_M1Ab.nev, PMv, 50, 2.420457, 2.615836 , 64
Velma-split, V1050822N_PMvAc_M1Ab.nev, M1, 49, 3.045850, 2.435299, 64 
Velma-split, V1050823_PMvAc_M1Ab.nev, PMv, 50, 2.556194, 2.751684 , 64
Velma-split, V1050823_PMvAc_M1Ab.nev, M1, 42, 2.964139, 2.554642, 64 
Velma-split, V1050824N_PMvAc_M1Ab.nev, PMv, 56, 2.798155, 2.956667 , 64
Velma-split, V1050824N_PMvAc_M1Ab.nev, M1, 53, 2.706014, 2.771193, 64 
Velma-split, V1050824N_PMvAc_M1Ab.nev, PMv, 56, 2.798155, 2.956667 , 64
Velma-split, V1050824N_PMvAc_M1Ab.nev, M1, 53, 2.706014, 2.771193, 64 
Velma-split, V2050824_PMvAc_M1Ab.nev, PMv, 53, 3.435002, 3.435002 , 64
Velma-split, V2050824_PMvAc_M1Ab.nev, M1, 46, 3.389125, 3.364162, 64 
Velma-split, V1050825_M1Ab_PMvAc.nev, M1, 49, 2.815041, 3.131088 , 64
Velma-split, V1050825_M1Ab_PMvAc.nev, PMv, 48, 3.233223, 2.675551, 64 
Velma-split, V1050825N_M1Ab_PMvAc.nev, M1, 52, 2.626896, 2.807187 , 64
Velma-split, V1050825N_M1Ab_PMvAc.nev, PMv, 52, 2.927712, 2.541287, 64 
Velma-split, V1050826_M1Ab_PMvAc.nev, M1, 39, 3.113725, 3.276820 , 64
Velma-split, V1050826_M1Ab_PMvAc.nev, PMv, 47, 3.062609, 3.107774, 64 
Velma-split, V1050826N_M1Ab_PMvAc.nev, M1, 49, 2.564585, 2.770729 , 64
Velma-split, V1050826N_M1Ab_PMvAc.nev, PMv, 48, 2.685301, 2.510597, 64 
Velma-split, V1050827_M1Ab_PMvAc001.nev, M1, 50, 2.868587, 3.047385 , 64
Velma-split, V1050827_M1Ab_PMvAc001.nev, PMv, 47, 3.032165, 2.813445, 64 
Velma-split, V1050827N_M1Ab_PMvAc_test5minNarrowSpike.nev, M1, 34, 2.999260, 3.090822 , 64
Velma-split, V1050827N_M1Ab_PMvAc_test5minNarrowSpike.nev, PMv, 27, 2.808883, 2.746557, 64 
Velma-split, V1050827N_M1Ab_PMvAc002.nev, M1, 54, 2.535962, 2.638034 , 64
Velma-split, V1050827N_M1Ab_PMvAc002.nev, PMv, 56, 2.810536, 2.514214, 64 
Velma-split, V1050828_M1Ab_PMvAc.nev, M1, 50, 2.627241, 2.893318 , 64
Velma-split, V1050828_M1Ab_PMvAc.nev, PMv, 52, 2.918968, 2.550783, 64 
Velma-split, V1050829N_M1Ab_PMvAc003.nev, M1, 53, 2.490303, 2.552533 , 64
Velma-split, V1050829N_M1Ab_PMvAc003.nev, PMv, 48, 2.717747, 2.440297, 64 
Velma-split, V1050830_M1Ab_PMvAc001.nev, M1, 44, 2.221535, 2.641338 , 64
Velma-split, V1050830_M1Ab_PMvAc001.nev, PMv, 53, 2.883029, 2.221474, 64 
Velma-split, V1050901_M1Ab_PMVAc.nev, M1, 46, 2.033384, 2.467876 , 64
Velma-split, V1050901_M1Ab_PMVAc.nev, PMv, 41, 2.294951, 2.073418, 64 
Velma-split, V1050901_M1Ab_PMVAc.nev, M1, 46, 2.033384, 2.467876 , 64
Velma-split, V1050901_M1Ab_PMVAc.nev, PMv, 41, 2.294951, 2.073418, 64 
Velma-split, V1050901N_M1Ab_PMVAc001.nev, M1, 58, 2.687685, 2.790932 , 64
Velma-split, V1050901N_M1Ab_PMVAc001.nev, PMv, 59, 2.936957, 2.697340, 64 
Velma-split, V1050901N_M1Ab_PMVAc001.nev, M1, 58, 2.687685, 2.790932 , 64
Velma-split, V1050901N_M1Ab_PMVAc001.nev, PMv, 59, 2.936957, 2.697340, 64 
Velma-split, V1050902N_M1Ab_PMvAc.nev, M1, 56, 2.340574, 2.415889 , 64
Velma-split, V1050902N_M1Ab_PMvAc.nev, PMv, 56, 2.783476, 2.320286, 64 
Velma-split, V1050903_M1Ab_PMvAc.nev, M1, 53, 2.735522, 2.830837 , 64
Velma-split, V1050903_M1Ab_PMvAc.nev, PMv, 54, 3.142004, 2.724328, 64 
Velma-split, V1050903_M1Ab_PMvAc.nev, M1, 53, 2.735522, 2.830837 , 64
Velma-split, V1050903_M1Ab_PMvAc.nev, PMv, 54, 3.142004, 2.724328, 64 
Velma-split, V1050903N_M1Ab_PMvAc.nev, M1, 53, 2.341210, 2.378398 , 64
Velma-split, V1050903N_M1Ab_PMvAc.nev, PMv, 53, 2.737089, 2.313720, 64 
Velma-split, V1050903N_M1Ab_PMvAc.nev, M1, 53, 2.341210, 2.378398 , 64
Velma-split, V1050903N_M1Ab_PMvAc.nev, PMv, 53, 2.737089, 2.313720, 64 
Velma-split, V1050905_M1_Ab_PMvaC.nev, M1, 53, 2.918854, 3.074591 , 64
Velma-split, V1050905_M1_Ab_PMvaC.nev, PMv, 55, 3.159727, 2.892466, 64 
Velma-split, V1050905_M1_Ab_PMvaC.nev, M1, 53, 2.918854, 3.074591 , 64
Velma-split, V1050905_M1_Ab_PMvaC.nev, PMv, 55, 3.159727, 2.892466, 64 
Velma-split, V1050908_M1Ab_PMvAc001.nev, M1, 52, 2.859928, 3.120287 , 64
Velma-split, V1050908_M1Ab_PMvAc001.nev, PMv, 52, 3.127551, 2.855692, 64 
Velma-split, V1050908_M1Ab_PMvAc001.nev, M1, 52, 2.859928, 3.120287 , 64
Velma-split, V1050908_M1Ab_PMvAc001.nev, PMv, 52, 3.127551, 2.855692, 64 
Velma-split, V1050908N_M1Ab_PMvAc.nev, M1, 53, 2.399816, 2.561643 , 64
Velma-split, V1050908N_M1Ab_PMvAc.nev, PMv, 56, 2.767285, 2.396209, 64 
Velma-split, V1050908N_M1Ab_PMvAc.nev, M1, 53, 2.399816, 2.561643 , 64
Velma-split, V1050908N_M1Ab_PMvAc.nev, PMv, 56, 2.767285, 2.396209, 64 
Velma-split, V1050909_M1Ab_PMvAc.nev, M1, 52, 2.636082, 2.983168 , 64
Velma-split, V1050909_M1Ab_PMvAc.nev, PMv, 53, 3.241951, 2.609578, 64 
Velma-split, V1050911_M1Ab_PMvAc.nev, M1, 53, 2.643814, 2.891863 , 64
Velma-split, V1050911_M1Ab_PMvAc.nev, PMv, 52, 2.944225, 2.586829, 64 
Velma-split, V1050911N_M1Ab_PMvAc.nev, M1, 54, 2.277685, 2.523489 , 64
Velma-split, V1050911N_M1Ab_PMvAc.nev, PMv, 49, 2.624487, 2.297020, 64 
Velma-split, V1050912_M1Ab_PMvAc.nev, M1, 55, 2.754645, 2.899291 , 64
Velma-split, V1050912_M1Ab_PMvAc.nev, PMv, 50, 2.882951, 2.746592, 64 
Velma-split, V1050912N_M1Ab_PMvAc.nev, M1, 60, 2.463834, 2.559164 , 64
Velma-split, V1050912N_M1Ab_PMvAc.nev, PMv, 58, 2.752532, 2.487150, 64 
Velma-split, V1050913_M1Ab_PMvAc001.nev, M1, 58, 2.846991, 2.931742 , 64
Velma-split, V1050913_M1Ab_PMvAc001.nev, PMv, 51, 2.836852, 2.868946, 64 
Velma-split, V1050914_M1Ab_PMvAc.nev, M1, 54, 2.536849, 2.698136 , 64
Velma-split, V1050914_M1Ab_PMvAc.nev, PMv, 50, 2.666984, 2.559700, 64 
Velma-split, V1050916_M1Ab_PMvAc.nev, M1, 56, 2.728503, 2.909078 , 64
Velma-split, V1050916_M1Ab_PMvAc.nev, PMv, 53, 2.636010, 2.777114, 64 
Velma-split, V1050916N_M1Ab_PMvAc.nev, M1, 55, 2.245269, 2.427460 , 64
Velma-split, V1050916N_M1Ab_PMvAc.nev, PMv, 55, 2.633517, 2.221682, 64 
Velma-split, V1050917_M1Ab_PMvAc001.nev, M1, 51, 2.660365, 2.816974 , 64
Velma-split, V1050917_M1Ab_PMvAc001.nev, PMv, 46, 2.743929, 2.604611, 64 
Velma-split, V1050917_M1Ab_PMvAc002.nev, M1, 58, 2.894218, 2.951293 , 64
Velma-split, V1050917_M1Ab_PMvAc002.nev, PMv, 46, 2.632118, 2.901969, 64 
Velma-split, V1050917N_M1Ab_PMvAc003.nev, M1, 61, 2.519060, 2.560855 , 64
Velma-split, V1050917N_M1Ab_PMvAc003.nev, PMv, 58, 2.662710, 2.543388, 64 
Velma-split, V1050923N_M1Abc_PMvA.nev, M1, 71, 2.334042, 2.551969 , 96
Velma-split, V1050923N_M1Abc_PMvA.nev, PMv, 19, 1.752312, 2.018029, 32 
Velma-split, V1050923N_PMdabC_PMvC.nev, PMd, 82, 2.214463, 2.443868 , 96
Velma-split, V1050923N_PMdabC_PMvC.nev, PMv, 26, 2.439089, 2.208115, 32 
Velma-split, V1050924N_M1Abc_PMvA.nev, M1, 58, 2.160433, 2.601224 , 96
Velma-split, V1050924N_M1Abc_PMvA.nev, PMv, 26, 2.456083, 2.089428, 32 
Velma-split, V1050924N_PMdabC_PMvC.nev, PMd, 79, 2.368726, 2.589025 , 96
Velma-split, V1050924N_PMdabC_PMvC.nev, PMv, 25, 2.055869, 2.082887, 32 
Velma-split, V1050927_PMdAbc_PMvA.nev, PMd, 38, 1.864039, 3.171438 , 96
Velma-split, V1050927_PMdAbc_PMvA.nev, PMv, 13, 1.556743, 2.104852, 32 
Velma-split, V1050928N_M1Abc_PMvC.nev, M1, 71, 2.223503, 2.479919 , 96
Velma-split, V1050928N_M1Abc_PMvC.nev, PMv, 26, 3.022542, 1.696481, 32 
Velma-split, V1050928_PMdabC_PMvA.nev, M1, 43, 2.539999, 3.510769 , 96
Velma-split, V1050928_PMdabC_PMvA.nev, PMv, 16, 2.566973, 1.696918, 32 
Velma-split, V1051003_M1Abc_PMvC.nev, M1, 70, 2.833210, 3.096271 , 96
Velma-split, V1051003_M1Abc_PMvC.nev, PMv, 4, 1.155672, 4.412269, 32 
Velma-split, V1051003_PMdAbc_PMvC.nev, PMd, 41, 1.781563, 2.724227 , 96
Velma-split, V1051003_PMdAbc_PMvC.nev, PMv, 15, 1.651160, 1.413457, 32 
Velma-split, V1051003N_M1Abc_PMvC.nev, M1, 73, 2.261490, 2.602506 , 96
Velma-split, V1051003N_M1Abc_PMvC.nev, PMv, 24, 2.345785, 2.169802, 32 
Velma-split, V1051003N_PMdAbc_PMvC.nev, PMd, 55, 2.150957, 3.215612 , 96
Velma-split, V1051003N_PMdAbc_PMvC.nev, PMv, 18, 1.580961, 2.083327, 32 
Velma-split, V2051003_M1Abc_PMvC.nev, M1, 78, 3.554526, 3.581831 , 96
Velma-split, V2051003_M1Abc_PMvC.nev, PMv, 12, 3.045599, 4.263424, 32 
Velma-split, V1051011_PMvAc_M1Ac001.nev, PMv, 43, 2.925040, 2.980805 , 64
Velma-split, V1051011_PMvAc_M1Ac001.nev, M1, 36, 2.414008, 2.895402, 64 
Velma-split, V1051013N_PMvAc_PMdAc.nev, PMv, 47, 2.443531, 2.723552 , 64
Velma-split, V1051013N_PMvAc_PMdAc.nev, PMd, 54, 2.876500, 2.449799, 64 
Velma-split, V1051017_PMdall_M1C.nev, PMd, 82, 2.955696, 3.092822 , 96
Velma-split, V1051017_PMdall_M1C.nev, M1, 19, 2.632296, 3.108610, 32 
Velma-split, V1051017_PMvAll_M1A.nev, PMv, 74, 2.526259, 2.743806 , 96
Velma-split, V1051017_PMvAll_M1A.nev, M1, 13, 1.629356, 2.258556, 32 
Velma-split, V1051018_PMdAll_M1C.nev, PMd, 81, 3.445140, 3.543815 , 96
Velma-split, V1051018_PMdAll_M1C.nev, M1, 15, 2.539662, 3.278244, 32 
Velma-split, V1051018_PMdAll_M1C.nev, PMd, 81, 3.445140, 3.543815 , 96
Velma-split, V1051018_PMdAll_M1C.nev, M1, 15, 2.539662, 3.278244, 32 
Velma-split, V1051018_PMdAll_M1C_sorted_WW.nev, PMd, 81, 3.445140, 3.543815 , 96
Velma-split, V1051018_PMdAll_M1C_sorted_WW.nev, M1, 15, 2.539662, 3.278244, 32 
Velma-split, V1051018_PMvAll_M1A001.nev, PMv, 76, 3.118724, 3.168451 , 96
Velma-split, V1051018_PMvAll_M1A001.nev, M1, 19, 3.006434, 2.578477, 32 
Velma-split, V1051018_PMvAll_M1A001.nev, PMv, 76, 3.118724, 3.168451 , 96
Velma-split, V1051018_PMvAll_M1A001.nev, M1, 19, 3.006434, 2.578477, 32 
Velma-split, V1051018_PMvAll_M1A001_sorted_WW.nev, PMv, 76, 3.118724, 3.168451 , 96
Velma-split, V1051018_PMvAll_M1A001_sorted_WW.nev, M1, 19, 3.006434, 2.578477, 32 
Velma-split, V1051020_PMdAll_M1C.nev, PMd, 84, 3.252249, 3.312606 , 96
Velma-split, V1051020_PMdAll_M1C.nev, M1, 20, 3.165505, 3.225993, 32 
Velma-split, V1051020_PMdAll_M1C_sorted_WW.nev, PMd, 84, 3.252249, 3.312606 , 96
Velma-split, V1051020_PMdAll_M1C_sorted_WW.nev, M1, 20, 3.165505, 3.225993, 32 
Velma-split, V1051020_PMvAll_M1A.nev, PMv, 78, 3.071409, 3.145456 , 96
Velma-split, V1051020_PMvAll_M1A.nev, M1, 19, 2.330995, 2.928656, 32 
Velma-split, V1051020_PMvAll_M1A.nev, PMv, 78, 3.071409, 3.145456 , 96
Velma-split, V1051020_PMvAll_M1A.nev, M1, 19, 2.330995, 2.928656, 32 
Velma-split, V1051020_PMvAll_M1A_sorted_WW.nev, PMv, 78, 3.071409, 3.145456 , 96
Velma-split, V1051020_PMvAll_M1A_sorted_WW.nev, M1, 19, 2.330995, 2.928656, 32 
Velma-split, V1051020N_PMdAll_M1C_NoDigIn_Ordered.nev, PMd, 89, 2.650229, 2.753919 , 96
Velma-split, V1051020N_PMdAll_M1C_NoDigIn_Ordered.nev, M1, 20, 2.330733, 2.436113, 32 
Velma-split, V1051020N_PMvAll_M1A.nev, PMv, 82, 2.612904, 2.669386 , 96
Velma-split, V1051020N_PMvAll_M1A.nev, M1, 17, 1.536314, 2.483937, 32 
Velma-split, V1051020N_PMvAll_M1A_NO_PMv_NoInvalid.nev, PMv, 0, NaN, NaN , 96
Velma-split, V1051020N_PMvAll_M1A_NO_PMv_NoInvalid.nev, M1, 16, 1.540452, NaN, 32 
Velma-split, V1051021N_PMdAll_M1C.nev, PMd, 91, 3.004525, 3.052301 , 96
Velma-split, V1051021N_PMdAll_M1C.nev, M1, 20, 2.501874, 2.803188, 32 
Velma-split, V1051021N_PMdAll_M1C_LessNoise_NoDigital.nev, PMd, 91, 3.004525, 3.052301 , 96
Velma-split, V1051021N_PMdAll_M1C_LessNoise_NoDigital.nev, M1, 20, 2.501874, 2.803188, 32 
Velma-split, V1051021N_PMvAll_M1A.nev, PMv, 84, 2.624915, 2.721956 , 96
Velma-split, V1051021N_PMvAll_M1A.nev, M1, 17, 1.882273, 2.328829, 32 
Velma-split, V1051022_PMdAll_M1C.nev, PMd, 69, 2.371203, 2.977323 , 96
Velma-split, V1051022_PMdAll_M1C.nev, M1, 19, 2.083263, 2.069740, 32 
Velma-split, V1051022_PMvAll_M1A.nev, PMv, 79, 2.839872, 3.050348 , 96
Velma-split, V1051022_PMvAll_M1A.nev, M1, 18, 2.016650, 2.545839, 32 
Velma-split, V1051022N_PMdAll_M1C.nev, PMd, 91, 2.869278, 2.910227 , 96
Velma-split, V1051022N_PMdAll_M1C.nev, M1, 19, 2.396250, 2.574554, 32 
Velma-split, V1051022N_PMvAll_M1A.nev, PMv, 80, 2.618347, 2.717519 , 96
Velma-split, V1051022N_PMvAll_M1A.nev, M1, 16, 1.948274, 2.353692, 32 
Velma-split, V1051023_PMdAll_M1C.nev, PMd, 83, 3.323598, 3.380595 , 96
Velma-split, V1051023_PMdAll_M1C.nev, M1, 16, 1.450426, 3.344553, 32 
Velma-split, V1051023_PMvall_M1C.nev, PMv, 79, 3.173455, 3.238954 , 96
Velma-split, V1051023_PMvall_M1C.nev, M1, 17, 2.112712, 2.783966, 32 
Velma-split, V1051023N_PMdAll_M1C.nev, PMd, 90, 2.760416, 2.840442 , 96
Velma-split, V1051023N_PMdAll_M1C.nev, M1, 21, 2.365748, 2.607110, 32 
Velma-split, V1051023N_PMvall_M1C.nev, PMv, 79, 2.561137, 2.697720 , 96
Velma-split, V1051023N_PMvall_M1C.nev, M1, 20, 1.800347, 2.295858, 32 
Velma-split, V1051025_M1All_PMvC.nev, M1, 75, 2.801725, 2.944991 , 96
Velma-split, V1051025_M1All_PMvC.nev, PMv, 25, 3.675886, 2.626572, 32 
Velma-split, V1051025_PMdall_PMvA.nev, PMd, 85, 3.258218, 3.306977 , 96
Velma-split, V1051025_PMdall_PMvA.nev, PMv, 21, 2.316861, 3.344638, 32 
Velma-split, V1051025N_M1All_PMvC.nev, M1, 83, 2.199979, 2.347407 , 96
Velma-split, V1051025N_M1All_PMvC.nev, PMv, 30, 2.866705, 2.294557, 32 
Velma-split, V1051025N_PMdall_PMvA.nev, PMd, 85, 2.568010, 2.733945 , 96
Velma-split, V1051025N_PMdall_PMvA.nev, PMv, 19, 1.601925, 2.423676, 32 
Velma-split, V1051029N_M1All_PMvC.nev, M1, 69, 2.327342, 2.604595 , 96
Velma-split, V1051029N_M1All_PMvC.nev, PMv, 10, 1.114462, 2.553887, 32 
Velma-split, V1051029N_PMdAll_M1A.nev, PMd, 85, 2.671768, 2.804754 , 96
Velma-split, V1051029N_PMdAll_M1A.nev, M1, 18, 1.772339, 2.658438, 32 
Velma-split, V1051030_M1All_PMvC.nev, M1, 78, 2.726867, 2.848334 , 96
Velma-split, V1051030_M1All_PMvC.nev, PMv, 26, 3.453453, 2.795560, 32 
Velma-split, V1051030_PMdAll_PMvA.nev, PMd, 85, 3.172328, 3.251182 , 96
Velma-split, V1051030_PMdAll_PMvA.nev, PMv, 22, 2.217182, 3.439487, 32 
Velma-split, V1051030N_M1All_PMvC.nev, M1, 83, 2.691186, 2.831947 , 96
Velma-split, V1051030N_M1All_PMvC.nev, PMv, 29, 3.257096, 2.935418, 32 
Velma-split, V1051030N_PMdAll_PMvA.nev, PMd, 90, 2.871085, 2.950433 , 96
Velma-split, V1051030N_PMdAll_PMvA.nev, PMv, 18, 1.948028, 2.986578, 32 
Velma-split, V051031_PMdAll_PMvA.nev, PMd, 80, 2.862827, 3.144833 , 96
Velma-split, V051031_PMdAll_PMvA.nev, PMv, 18, 2.110686, 3.437474, 32 
Velma-split, V051031N_PMdAll_PMvA.nev, PMd, 90, 2.677333, 2.712882 , 96
Velma-split, V051031N_PMdAll_PMvA.nev, PMv, 19, 1.910296, 2.846511, 32 
Velma-split, V1051031_M1All_PMvC.nev, M1, 74, 2.762321, 2.957957 , 96
Velma-split, V1051031_M1All_PMvC.nev, PMv, 26, 3.422323, 2.727071, 32 
Velma-split, V1051031N_M1All_PMvC.nev, M1, 72, 2.275037, 2.554277 , 96
Velma-split, V1051031N_M1All_PMvC.nev, PMv, 30, 3.249185, 2.205388, 32 
Velma-split, V1051102_M1All_PMvC.nev, M1, 78, 2.839480, 2.947602 , 96
Velma-split, V1051102_M1All_PMvC.nev, PMv, 25, 3.464858, 3.030324, 32 
Velma-split, V1051102_PMdAll_PMvA.nev, PMd, 85, 3.145073, 3.200517 , 96
Velma-split, V1051102_PMdAll_PMvA.nev, PMv, 18, 2.245512, 3.712172, 32 
Velma-split, V1051102N_M1All_PMvC.nev, M1, 74, 2.387179, 2.570056 , 96
Velma-split, V1051102N_M1All_PMvC.nev, PMv, 28, 2.749615, 2.557276, 32 
Velma-split, V1051102N_PMdAll_PMvA.nev, PMd, 84, 2.530637, 2.736460 , 96
Velma-split, V1051102N_PMdAll_PMvA.nev, PMv, 19, 2.066241, 2.669371, 32 
Velma-split, V1051103_M1All_PMvC.nev, M1, 70, 2.813183, 3.009657 , 96
Velma-split, V1051103_M1All_PMvC.nev, PMv, 26, 3.434157, 3.089738, 32 
Velma-split, V1051103_PMdAll_PMvA.nev, PMd, 88, 2.786607, 2.920944 , 96
Velma-split, V1051103_PMdAll_PMvA.nev, PMv, 18, 2.157208, 3.043555, 32 
Velma-split, V1051103N_M1All_PMvC.nev, M1, 72, 2.509913, 2.627244 , 96
Velma-split, V1051103N_M1All_PMvC.nev, PMv, 30, 2.835252, 2.618972, 32 
Velma-split, V1051023N_PMvall_M1C.nev, PMv, 79, 2.561137, 2.697720 , 96
Velma-split, V1051023N_PMvall_M1C.nev, M1, 20, 1.800347, 2.295858, 32 
Velma-split, V1051025_M1All_PMvC.nev, M1, 75, 2.801725, 2.944991 , 96
Velma-split, V1051025_M1All_PMvC.nev, PMv, 25, 3.675886, 2.626572, 32 
Velma-split, V1051025_PMdall_PMvA.nev, PMd, 85, 3.258218, 3.306977 , 96
Velma-split, V1051025_PMdall_PMvA.nev, PMv, 21, 2.316861, 3.344638, 32 
Velma-split, V1051025N_M1All_PMvC.nev, M1, 83, 2.199979, 2.347407 , 96
Velma-split, V1051025N_M1All_PMvC.nev, PMv, 30, 2.866705, 2.294557, 32 
Velma-split, V1051025N_PMdall_PMvA.nev, PMd, 85, 2.568010, 2.733945 , 96
Velma-split, V1051025N_PMdall_PMvA.nev, PMv, 19, 1.601925, 2.423676, 32 
Velma-split, V1051029N_M1All_PMvC.nev, M1, 69, 2.327342, 2.604595 , 96
Velma-split, V1051029N_M1All_PMvC.nev, PMv, 10, 1.114462, 2.553887, 32 
Velma-split, V1051029N_PMdAll_M1A.nev, PMd, 85, 2.671768, 2.804754 , 96
Velma-split, V1051029N_PMdAll_M1A.nev, M1, 18, 1.772339, 2.658438, 32 
Velma-split, V1051030_M1All_PMvC.nev, M1, 78, 2.726867, 2.848334 , 96
Velma-split, V1051030_M1All_PMvC.nev, PMv, 26, 3.453453, 2.795560, 32 
Velma-split, V1051030_PMdAll_PMvA.nev, PMd, 85, 3.172328, 3.251182 , 96
Velma-split, V1051030_PMdAll_PMvA.nev, PMv, 22, 2.217182, 3.439487, 32 
Velma-split, V1051030N_M1All_PMvC.nev, M1, 83, 2.691186, 2.831947 , 96
Velma-split, V1051030N_M1All_PMvC.nev, PMv, 29, 3.257096, 2.935418, 32 
Velma-split, V1051030N_PMdAll_PMvA.nev, PMd, 90, 2.871085, 2.950433 , 96
Velma-split, V1051030N_PMdAll_PMvA.nev, PMv, 18, 1.948028, 2.986578, 32 
Velma-split, V051031_PMdAll_PMvA.nev, PMd, 80, 2.862827, 3.144833 , 96
Velma-split, V051031_PMdAll_PMvA.nev, PMv, 18, 2.110686, 3.437474, 32 
Velma-split, V051031N_PMdAll_PMvA.nev, PMd, 90, 2.677333, 2.712882 , 96
Velma-split, V051031N_PMdAll_PMvA.nev, PMv, 19, 1.910296, 2.846511, 32 
Velma-split, V1051031_M1All_PMvC.nev, M1, 74, 2.762321, 2.957957 , 96
Velma-split, V1051031_M1All_PMvC.nev, PMv, 26, 3.422323, 2.727071, 32 
Velma-split, V1051031N_M1All_PMvC.nev, M1, 72, 2.275037, 2.554277 , 96
Velma-split, V1051031N_M1All_PMvC.nev, PMv, 30, 3.249185, 2.205388, 32 
Velma-split, V1051102_M1All_PMvC.nev, M1, 78, 2.839480, 2.947602 , 96
Velma-split, V1051102_M1All_PMvC.nev, PMv, 25, 3.464858, 3.030324, 32 
Velma-split, V1051102_PMdAll_PMvA.nev, PMd, 85, 3.145073, 3.200517 , 96
Velma-split, V1051102_PMdAll_PMvA.nev, PMv, 18, 2.245512, 3.712172, 32 
Velma-split, V1051102N_M1All_PMvC.nev, M1, 74, 2.387179, 2.570056 , 96
Velma-split, V1051102N_M1All_PMvC.nev, PMv, 28, 2.749615, 2.557276, 32 
Velma-split, V1051102N_PMdAll_PMvA.nev, PMd, 84, 2.530637, 2.736460 , 96
Velma-split, V1051102N_PMdAll_PMvA.nev, PMv, 19, 2.066241, 2.669371, 32 
Velma-split, V1051103_M1All_PMvC.nev, M1, 70, 2.813183, 3.009657 , 96
Velma-split, V1051103_M1All_PMvC.nev, PMv, 26, 3.434157, 3.089738, 32 
Velma-split, V1051103_PMdAll_PMvA.nev, PMd, 88, 2.786607, 2.920944 , 96
Velma-split, V1051103_PMdAll_PMvA.nev, PMv, 18, 2.157208, 3.043555, 32 
Velma-split, V1051103N_M1All_PMvC.nev, M1, 72, 2.509913, 2.627244 , 96
Velma-split, V1051103N_M1All_PMvC.nev, PMv, 30, 2.835252, 2.618972, 32 
Velma-split, V1051103N_PMdAll_PMvA.nev, PMd, 93, 2.689522, 2.746381 , 96
Velma-split, V1051103N_PMdAll_PMvA.nev, PMv, 17, 1.910312, 2.804700, 32 
Velma-split, V1051104_M1All_PMvC.nev, M1, 76, 2.752702, 2.946458 , 96
Velma-split, V1051104_M1All_PMvC.nev, PMv, 28, 3.260319, 2.874660, 32 
Velma-split, V1051104_PMdAll_PMvA.nev, PMd, 88, 3.111473, 3.155152 , 96
Velma-split, V1051104_PMdAll_PMvA.nev, PMv, 16, 1.953208, 3.370598, 32 
Velma-split, V1051104N_M1All_PMvC.nev, M1, 73, 2.315989, 2.592823 , 96
Velma-split, V1051104N_M1All_PMvC.nev, PMv, 29, 2.901784, 2.345806, 32 
Velma-split, V1051104N_PMdAll_PMvA.nev, PMd, 91, 2.629777, 2.696620 , 96
Velma-split, V1051104N_PMdAll_PMvA.nev, PMv, 12, 1.755658, 2.537185, 32 
Velma-split, V1051106_M1All_PMvC.nev, M1, 74, 2.854118, 3.040630 , 96
Velma-split, V1051106_M1All_PMvC.nev, PMv, 26, 3.391583, 3.005165, 32 
Velma-split, V1051106_PMdAll_PMvA.nev, PMd, 86, 3.278075, 3.302694 , 96
Velma-split, V1051106_PMdAll_PMvA.nev, PMv, 19, 2.477782, 3.499760, 32 
Velma-split, V1051106N_M1All_PMvC.nev, M1, 68, 2.220537, 2.517946 , 96
Velma-split, V1051106N_M1All_PMvC.nev, PMv, 29, 2.906580, 2.230089, 32 
Velma-split, V1051107_M1All_PMvC.nev, M1, 77, 2.847127, 3.002189 , 96
Velma-split, V1051107_M1All_PMvC.nev, PMv, 26, 3.529460, 2.978702, 32 
Velma-split, V1051107N_M1All_PMvC.nev, M1, 72, 2.316118, 2.577652 , 96
Velma-split, V1051107N_M1All_PMvC.nev, PMv, 30, 2.774146, 2.330871, 32 
Velma-split, V1051107N_PMdAll_PMvA.nev, PMd, 89, 2.693087, 2.790734 , 96
Velma-split, V1051107N_PMdAll_PMvA.nev, PMv, 17, 1.624521, 2.657678, 32 
Velma-split, V1051108_M1All_PMvC.nev, M1, 70, 2.507936, 2.769278 , 96
Velma-split, V1051108_M1All_PMvC.nev, PMv, 26, 3.332529, 2.847067, 32 
Velma-split, V1051108_PMdAll_PMvA001.nev, PMd, 86, 3.230825, 3.310443 , 96
Velma-split, V1051108_PMdAll_PMvA001.nev, PMv, 15, 2.111425, 3.314683, 32 
Velma-split, V1051108N_M1All_PMvC.nev, M1, 70, 2.152489, 2.392852 , 96
Velma-split, V1051108N_M1All_PMvC.nev, PMv, 27, 2.365266, 2.259855, 32 
Velma-split, V1051108N_PMdAll_PMvA002.nev, PMd, 90, 2.748260, 2.813665 , 96
Velma-split, V1051108N_PMdAll_PMvA002.nev, PMv, 15, 1.660951, 2.784652, 32 
Velma-split, V1051109_PMdAll_PMvA.nev, PMd, 91, 2.943134, 2.959640 , 96
Velma-split, V1051109_PMdAll_PMvA.nev, PMv, 18, 2.115926, 2.805027, 32 
Velma-split, V1051109N_M1All_PMvC.nev, M1, 83, 2.644334, 2.703752 , 96
Velma-split, V1051109N_M1All_PMvC.nev, PMv, 29, 3.105601, 2.779239, 32 
Velma-split, V1051110_PMdAll_PMvC.nev, PMd, 90, 3.382107, 3.435527 , 96
Velma-split, V1051110_PMdAll_PMvC.nev, PMv, 20, 2.243149, 4.026326, 32 
Velma-split, V1051110N_PMdAll_PMvC.nev, PMd, 91, 2.986903, 3.006451 , 96
Velma-split, V1051110N_PMdAll_PMvC.nev, PMv, 18, 2.335789, 3.003825, 32 
Velma-split, v050117_M1abc_PMva.nev, M1, 65, 3.140240, 3.167041 , 96
Velma-split, v050117_M1abc_PMva.nev, PMv, 22, 3.377947, 3.350643, 32 
Velma-split, v050117_PMdabc_PMvb.nev, M1, 72, 3.215805, 3.215805 , 96
Velma-split, v050117_PMdabc_PMvb.nev, PMv, 23, 2.294997, 3.102354, 32 
Velma-split, v060120_M1abc_PMva001.nev, M1, 67, 2.778246, 2.821992 , 96
Velma-split, v060120_M1abc_PMva001.nev, PMv, 22, 3.334713, 2.944904, 32 
Velma-split, v060120_PMdabc_PMvb001.nev, M1, 67, 2.990751, 3.031703 , 96
Velma-split, v060120_PMdabc_PMvb001.nev, PMv, 24, 3.106853, 2.819497, 32 
Velma-split, v060125_M1abc_PMva001.nev, M1, 66, 2.674055, 2.766147 , 96
Velma-split, v060125_M1abc_PMva001.nev, PMv, 22, 3.311430, 2.943392, 32 
Velma-split, v060125_PMDabc_PMVb001.nev, M1, 55, 3.069397, 3.248625 , 96
Velma-split, v060125_PMDabc_PMVb001.nev, PMv, 23, 2.559071, 2.917162, 32 
Velma-split, v060126_M1abc_PMda001.nev, M1, 72, 2.784630, 2.808280 , 96
Velma-split, v060126_M1abc_PMda001.nev, PMd, 25, 3.184358, 3.054184, 32 
Velma-split, v060126_PMvabc_PMdb001.nev, PMv, 52, 3.186748, 3.230521 , 96
Velma-split, v060126_PMvabc_PMdb001.nev, PMd, 27, 2.475782, 3.059388, 32 
